id;fr;nl;freq;statut_examen;priorite_frequence;niveauCECR;niveauCECRSource;sousCategorie;sousCategorieSource;sousCategorie;sousCategorieSource
NOMS_NL_0;l'attention / (pas de pluriel);de aandacht;5.24;Prioritaire;Essentiel;A2;nt2lex;Abstrait & concepts;heuristique_fr;Abstrait & concepts;heuristique_fr
NOMS_NL_1;la part / les parts;het aandeel;4.23;Standard;Courant;B1;nt2lex;Abstrait & concepts;heuristique_fr;Abstrait & concepts;heuristique_fr
NOMS_NL_2;l'arrivée / les arrivées;de aankomst;4.2;Prioritaire;Courant;A2;nt2lex;Abstrait & concepts;heuristique_fr;Abstrait & concepts;heuristique_fr
NOMS_NL_3;la disposition / les dispositions;de aanleg;4.3;Standard;Courant;B1;nt2lex;Abstrait & concepts;heuristique_fr;Abstrait & concepts;heuristique_fr
NOMS_NL_4;l'occasion / les occasions;de aanleiding;4.66;Prioritaire;Courant;B1;nt2lex;Abstrait & concepts;heuristique_fr;Abstrait & concepts;heuristique_fr
NOMS_NL_5;le nombre / les nombres;het aantal;5.74;Prioritaire;Essentiel;A2;nt2lex;Abstrait & concepts;heuristique_fr;Abstrait & concepts;heuristique_fr
NOMS_NL_6;le regard / les regards;het aanzien;4.22;Prioritaire;Courant;B2;nt2lex;Abstrait & concepts;heuristique_fr;Abstrait & concepts;heuristique_fr
NOMS_NL_7;la nature / les natures;de aard;4.39;Prioritaire;Courant;B1;nt2lex;Abstrait & concepts;heuristique_fr;Abstrait & concepts;heuristique_fr
NOMS_NL_8;la pomme de terre / les pommes de terre;de aardappel;3.65;Prioritaire;Courant;A1;nt2lex;Alimentation;heuristique_fr;Alimentation;heuristique_fr
NOMS_NL_9;la terre / (pas de pluriel);de aarde;4.96;Prioritaire;Courant;A2;nt2lex;Nature;heuristique_fr;Nature;heuristique_fr
NOMS_NL_10;le rayon / les rayons;de afdeling;4.8;Prioritaire;Courant;A2;nt2lex;Abstrait & concepts;heuristique_fr;Abstrait & concepts;heuristique_fr
NOMS_NL_11;la distance / les distances;de afstand;4.92;Prioritaire;Courant;A2;nt2lex;Abstrait & concepts;heuristique_fr;Abstrait & concepts;heuristique_fr
NOMS_NL_12;le rendez-vous / les rendez-vous;de afspraak;4.77;Prioritaire;Courant;A1;nt2lex;Abstrait & concepts;heuristique_fr;Abstrait & concepts;heuristique_fr
NOMS_NL_13;l'origine / les origines;de afkomst;4.36;Standard;Courant;A2;nt2lex;Abstrait & concepts;heuristique_fr;Abstrait & concepts;heuristique_fr
NOMS_NL_14;la peur / les peurs;de angst;4.83;Prioritaire;Courant;A2;nt2lex;Émotions & sentiments;heuristique_fr;Émotions & sentiments;heuristique_fr
NOMS_NL_15;la réponse / les réponses;het antwoord;5.15;Prioritaire;Essentiel;A1;nt2lex;Abstrait & concepts;heuristique_fr;Abstrait & concepts;heuristique_fr
NOMS_NL_16;le travail / les travaux;de arbeid;4.27;Prioritaire;Courant;B1;nt2lex;Travail-études;heuristique_fr;Travail-études;heuristique_fr
NOMS_NL_17;l'ouvrier / les ouvriers;de arbeider;3.66;Prioritaire;Courant;B1;nt2lex;Personnes;heuristique_fr;Personnes;heuristique_fr
NOMS_NL_18;l'architecte / les architectes;de architect;4.23;Standard;Courant;A2;nt2lex;Personnes;heuristique_fr;Personnes;heuristique_fr
NOMS_NL_19;le bras / les bras;de arm;4.67;Prioritaire;Courant;A2;nt2lex;Corps & santé;heuristique_fr;Corps & santé;heuristique_fr
NOMS_NL_20;la pauvreté / (pas de pluriel);de armoede;4.39;Prioritaire;Courant;A2;nt2lex;Abstrait & concepts;heuristique_fr;Abstrait & concepts;heuristique_fr
NOMS_NL_21;le médecin / les médecins;de arts;4.73;Prioritaire;Courant;A2;nt2lex;Corps & santé;heuristique_fr;Corps & santé;heuristique_fr
NOMS_NL_22;la voiture / les voitures;de auto;5.48;Prioritaire;Essentiel;A1;nt2lex;Transport;heuristique_fr;Transport;heuristique_fr
NOMS_NL_23;le soir / les soirs;de avond;5.2;Prioritaire;Essentiel;A1;nt2lex;Temps;heuristique_fr;Temps;heuristique_fr
NOMS_NL_24;l'emploi / les emplois;de baan;5.05;Prioritaire;Essentiel;A1;nt2lex;Travail-études;heuristique_fr;Travail-études;heuristique_fr
NOMS_NL_25;le bébé / les bébés;de baby;4.9;Standard;Courant;A2;nt2lex;Personnes;heuristique_fr;Personnes;heuristique_fr
NOMS_NL_26;l'arrière-plan / les arrière-plans;de achtergrond;4.82;Prioritaire;Courant;B1;nt2lex;Abstrait & concepts;heuristique_fr;Abstrait & concepts;heuristique_fr
NOMS_NL_27;le boulanger / les boulangers;de bakker;4.26;Prioritaire;Courant;A1;nt2lex;Personnes;heuristique_fr;Personnes;heuristique_fr
NOMS_NL_28;la balle / les balles;de bal;4.74;Standard;Courant;A2;nt2lex;Abstrait & concepts;heuristique_fr;Abstrait & concepts;heuristique_fr
NOMS_NL_29;le lien / les liens;de band;4.96;Prioritaire;Courant;A2;nt2lex;Abstrait & concepts;heuristique_fr;Abstrait & concepts;heuristique_fr
NOMS_NL_30;la banque / les banques;de bank;5.04;Prioritaire;Essentiel;A1;nt2lex;Lieux;heuristique_fr;Lieux;heuristique_fr
NOMS_NL_31;la base / les bases;de basis;5.17;Prioritaire;Essentiel;A2;nt2lex;Abstrait & concepts;heuristique_fr;Abstrait & concepts;heuristique_fr
NOMS_NL_32;le lit / les lits;het bed;5.13;Prioritaire;Essentiel;A1;nt2lex;Abstrait & concepts;heuristique_fr;Abstrait & concepts;heuristique_fr
NOMS_NL_33;le montant / les montants;het bedrag;4.48;Prioritaire;Courant;A2;nt2lex;Abstrait & concepts;heuristique_fr;Abstrait & concepts;heuristique_fr
NOMS_NL_34;l'entreprise / les entreprises;het bedrijf;5.23;Prioritaire;Essentiel;A1;nt2lex;Travail-études;heuristique_fr;Travail-études;heuristique_fr
NOMS_NL_35;l'image / les images;de beeld;5.13;Prioritaire;Essentiel;A2;nt2lex;Abstrait & concepts;heuristique_fr;Abstrait & concepts;heuristique_fr
NOMS_NL_36;la jambe / les jambes;het been;4.57;Prioritaire;Courant;A1;nt2lex;Corps & santé;heuristique_fr;Corps & santé;heuristique_fr
NOMS_NL_37;le début / les débuts;het begin;5.42;Prioritaire;Essentiel;A2;nt2lex;Abstrait & concepts;heuristique_fr;Abstrait & concepts;heuristique_fr
NOMS_NL_38;le chiffre / les chiffres;het cijfer;4.1;Prioritaire;Courant;A2;nt2lex;Abstrait & concepts;heuristique_fr;Abstrait & concepts;heuristique_fr
NOMS_NL_39;le cercle / les cercles;de cirkel;4.17;Standard;Courant;A2;nt2lex;Abstrait & concepts;heuristique_fr;Abstrait & concepts;heuristique_fr
NOMS_NL_40;le collègue / les collègues;de collega;4.62;Prioritaire;Courant;A1;nt2lex;Personnes;heuristique_fr;Personnes;heuristique_fr
NOMS_NL_41;la combinaison / les combinaisons;de combinatie;4.7;Standard;Courant;A2;nt2lex;Abstrait & concepts;heuristique_fr;Abstrait & concepts;heuristique_fr
NOMS_NL_42;la commission / les commissions;de commissie;4.81;Prioritaire;Courant;B1;nt2lex;Abstrait & concepts;heuristique_fr;Abstrait & concepts;heuristique_fr
NOMS_NL_43;la communication / (pas de pluriel);de communicatie;4.71;Prioritaire;Courant;B1;nt2lex;Abstrait & concepts;heuristique_fr;Abstrait & concepts;heuristique_fr
NOMS_NL_44;l'ordinateur / les ordinateurs;de computer;4.68;Prioritaire;Courant;A1;nt2lex;Vêtements & objets;heuristique_fr;Vêtements & objets;heuristique_fr
NOMS_NL_45;la conclusion / les conclusions;de conclusie;4.44;Prioritaire;Courant;A2;nt2lex;Abstrait & concepts;heuristique_fr;Abstrait & concepts;heuristique_fr
NOMS_NL_46;la concurrence / (pas de pluriel);de concurrentie;4.26;Prioritaire;Courant;B1;nt2lex;Abstrait & concepts;heuristique_fr;Abstrait & concepts;heuristique_fr
NOMS_NL_47;la condition (forme) / les conditions;de conditie;3.97;Standard;Courant;B1;nt2lex;Abstrait & concepts;heuristique_fr;Abstrait & concepts;heuristique_fr
NOMS_NL_48;le contact / les contacts;het contact;5.21;Prioritaire;Essentiel;A2;nt2lex;Abstrait & concepts;heuristique_fr;Abstrait & concepts;heuristique_fr
NOMS_NL_49;le contrat / les contrats;het contract;4.72;Prioritaire;Courant;B1;nt2lex;Travail-études;heuristique_fr;Travail-études;heuristique_fr
NOMS_NL_50;le contrôle / les contrôles;de controle;4.97;Prioritaire;Courant;B1;nt2lex;Abstrait & concepts;heuristique_fr;Abstrait & concepts;heuristique_fr
NOMS_NL_51;la crise / les crises;de crisis;4.6;Prioritaire;Courant;B1;nt2lex;Abstrait & concepts;heuristique_fr;Abstrait & concepts;heuristique_fr
NOMS_NL_52;la culture / les cultures;de cultuur;5.0;Prioritaire;Essentiel;A2;nt2lex;Société;heuristique_fr;Société;heuristique_fr
NOMS_NL_53;le cours / les cours;de cursus;4.42;Prioritaire;Courant;A2;nt2lex;Travail-études;heuristique_fr;Travail-études;heuristique_fr
NOMS_NL_54;l'acte / les actes;de daad;4.19;Prioritaire;Courant;A2;nt2lex;Abstrait & concepts;heuristique_fr;Abstrait & concepts;heuristique_fr
NOMS_NL_55;le jour / les jours;de dag;5.98;Prioritaire;Essentiel;A1;nt2lex;Temps;heuristique_fr;Temps;heuristique_fr
NOMS_NL_56;le toit / les toits;het dak;4.79;Standard;Courant;A2;nt2lex;Maison;heuristique_fr;Maison;heuristique_fr
NOMS_NL_57;la vallée / les vallées;het dal;3.88;Standard;Courant;B1;nt2lex;Lieux;heuristique_fr;Lieux;heuristique_fr
NOMS_NL_58;le remerciement / (pas de pluriel);de dank;5.35;Prioritaire;Essentiel;A1;nt2lex;Abstrait & concepts;heuristique_fr;Abstrait & concepts;heuristique_fr
NOMS_NL_59;la partie / les parties;het deel;5.72;Prioritaire;Essentiel;A2;nt2lex;Abstrait & concepts;heuristique_fr;Abstrait & concepts;heuristique_fr
NOMS_NL_60;le participant / les participants;de deelnemer;4.28;Prioritaire;Courant;B1;nt2lex;Personnes;heuristique_fr;Personnes;heuristique_fr
NOMS_NL_61;la porte / les portes;de deur;4.95;Prioritaire;Courant;A1;nt2lex;Maison;heuristique_fr;Maison;heuristique_fr
NOMS_NL_62;le service / les services;de dienst;5.13;Prioritaire;Essentiel;A2;nt2lex;Abstrait & concepts;heuristique_fr;Abstrait & concepts;heuristique_fr
NOMS_NL_63;l'animal / les animaux;het dier;4.57;Prioritaire;Courant;A2;nt2lex;Animaux;heuristique_fr;Animaux;heuristique_fr
NOMS_NL_64;la chose / les choses;het ding;4.86;Prioritaire;Courant;A1;nt2lex;Abstrait & concepts;heuristique_fr;Abstrait & concepts;heuristique_fr
NOMS_NL_65;la direction / les directions;de directie;3.99;Prioritaire;Courant;A2;nt2lex;Abstrait & concepts;heuristique_fr;Abstrait & concepts;heuristique_fr
NOMS_NL_66;la discussion / les discussions;de discussie;4.74;Prioritaire;Courant;A2;nt2lex;Abstrait & concepts;heuristique_fr;Abstrait & concepts;heuristique_fr
NOMS_NL_67;l'objectif / les objectifs;de doelstelling;3.98;Prioritaire;Courant;B1;nt2lex;Abstrait & concepts;heuristique_fr;Abstrait & concepts;heuristique_fr
NOMS_NL_68;le but / les buts;het doel;5.2;Prioritaire;Essentiel;A2;nt2lex;Abstrait & concepts;heuristique_fr;Abstrait & concepts;heuristique_fr
NOMS_NL_69;le docteur / les docteurs;de dokter;4.51;Prioritaire;Courant;A1;nt2lex;Personnes;heuristique_fr;Personnes;heuristique_fr
NOMS_NL_70;la mort / (pas de pluriel);de dood;5.57;Prioritaire;Essentiel;A2;nt2lex;Abstrait & concepts;heuristique_fr;Abstrait & concepts;heuristique_fr
NOMS_NL_71;la persévérance / (pas de pluriel);de doorzetting;1.68;Standard;Spécialisé;C1;freq_estime;Abstrait & concepts;heuristique_fr;Abstrait & concepts;heuristique_fr
NOMS_NL_72;la boîte / les boîtes;de doos;4.36;Standard;Courant;A1;nt2lex;Vêtements & objets;heuristique_fr;Vêtements & objets;heuristique_fr
NOMS_NL_73;le village / les villages;het dorp;5.07;Prioritaire;Essentiel;A1;nt2lex;Lieux;heuristique_fr;Lieux;heuristique_fr
NOMS_NL_74;le fil / les fils;de draad;4.07;Prioritaire;Courant;A2;nt2lex;Personnes;heuristique_fr;Personnes;heuristique_fr
NOMS_NL_75;la boisson / les boissons;de drank;4.34;Prioritaire;Courant;A2;nt2lex;Alimentation;heuristique_fr;Alimentation;heuristique_fr
NOMS_NL_76;le seuil / les seuils;de drempel;3.68;Prioritaire;Courant;A2;nt2lex;Abstrait & concepts;heuristique_fr;Abstrait & concepts;heuristique_fr
NOMS_NL_77;le rêve / les rêves;de droom;4.72;Prioritaire;Courant;A2;nt2lex;Abstrait & concepts;heuristique_fr;Abstrait & concepts;heuristique_fr
NOMS_NL_78;la pression / (pas de pluriel);de druk;5.34;Prioritaire;Essentiel;B1;nt2lex;Abstrait & concepts;heuristique_fr;Abstrait & concepts;heuristique_fr
NOMS_NL_79;la pièce de 10 cents / les pièces;het dubbeltje;3.04;Standard;Spécialisé;A2;nt2lex;Abstrait & concepts;heuristique_fr;Abstrait & concepts;heuristique_fr
NOMS_NL_80;la durée / (pas de pluriel);de duur;4.71;Prioritaire;Courant;B1;nt2lex;Temps;heuristique_fr;Temps;heuristique_fr
NOMS_NL_81;le nain / les nains;de dwerg;3.64;Standard;Courant;B1;nt2lex;Personnes;heuristique_fr;Personnes;heuristique_fr
NOMS_NL_82;le mariage / (pas de pluriel);de echt;6.0;Standard;Essentiel;A1;nt2lex;Abstrait & concepts;heuristique_fr;Abstrait & concepts;heuristique_fr
NOMS_NL_83;l'économie / les économies;de economie;5.0;Prioritaire;Essentiel;A2;nt2lex;Société;heuristique_fr;Société;heuristique_fr
NOMS_NL_84;l'unité / les unités;de eenheid;4.66;Prioritaire;Courant;B1;nt2lex;Abstrait & concepts;heuristique_fr;Abstrait & concepts;heuristique_fr
NOMS_NL_85;le siècle / les siècles;de eeuw;4.96;Prioritaire;Courant;A2;nt2lex;Temps;heuristique_fr;Temps;heuristique_fr
NOMS_NL_86;l'effet / les effets;het effect;4.68;Prioritaire;Courant;B1;nt2lex;Abstrait & concepts;heuristique_fr;Abstrait & concepts;heuristique_fr
NOMS_NL_87;l'oeuf / les oeufs;het ei;4.32;Standard;Courant;A1;nt2lex;Alimentation;heuristique_fr;Alimentation;heuristique_fr
NOMS_NL_88;l'originalité / (pas de pluriel);de eigenheid;2.74;Standard;Spécialisé;B1;nt2lex;Abstrait & concepts;heuristique_fr;Abstrait & concepts;heuristique_fr
NOMS_NL_89;l'île / les îles;het eiland;5.1;Prioritaire;Essentiel;A1;nt2lex;Lieux;heuristique_fr;Lieux;heuristique_fr
NOMS_NL_90;l'exigence / les exigences;de eis;4.13;Prioritaire;Courant;B1;nt2lex;Abstrait & concepts;heuristique_fr;Abstrait & concepts;heuristique_fr
NOMS_NL_91;la fin / les fins;het einde;5.28;Prioritaire;Essentiel;A2;nt2lex;Abstrait & concepts;heuristique_fr;Abstrait & concepts;heuristique_fr
NOMS_NL_92;l'expérience / les expériences;de ervaring;4.95;Prioritaire;Courant;A2;nt2lex;Abstrait & concepts;heuristique_fr;Abstrait & concepts;heuristique_fr
NOMS_NL_93;la fabrique / les fabriques;de fabriek;4.36;Prioritaire;Courant;A1;nt2lex;Lieux;heuristique_fr;Lieux;heuristique_fr
NOMS_NL_94;le fait / les faits;het feit;5.02;Prioritaire;Essentiel;B1;nt2lex;Abstrait & concepts;heuristique_fr;Abstrait & concepts;heuristique_fr
NOMS_NL_95;le vélo / les vélos;de fiets;4.77;Prioritaire;Courant;A1;nt2lex;Transport;heuristique_fr;Transport;heuristique_fr
NOMS_NL_96;la figure / les figures;de figuur;4.4;Prioritaire;Courant;A2;nt2lex;Abstrait & concepts;heuristique_fr;Abstrait & concepts;heuristique_fr
NOMS_NL_97;le film / les films;de film;5.47;Prioritaire;Essentiel;A1;nt2lex;Abstrait & concepts;heuristique_fr;Abstrait & concepts;heuristique_fr
NOMS_NL_98;la bouteille / les bouteilles;de fles;4.34;Prioritaire;Courant;A1;nt2lex;Vêtements & objets;heuristique_fr;Vêtements & objets;heuristique_fr
NOMS_NL_99;la faute / les fautes;de fout;4.99;Prioritaire;Courant;A2;nt2lex;Abstrait & concepts;heuristique_fr;Abstrait & concepts;heuristique_fr
NOMS_NL_100;la fonction / les fonctions;de functie;4.92;Prioritaire;Courant;B1;nt2lex;Abstrait & concepts;heuristique_fr;Abstrait & concepts;heuristique_fr
NOMS_NL_101;la garantie / les garanties;de garantie;4.07;Standard;Courant;B1;nt2lex;Abstrait & concepts;heuristique_fr;Abstrait & concepts;heuristique_fr
NOMS_NL_102;le trou / les trous;het gat;4.49;Prioritaire;Courant;A2;nt2lex;Abstrait & concepts;heuristique_fr;Abstrait & concepts;heuristique_fr
NOMS_NL_103;le domaine (territoire) / les domaines;het gebied;5.42;Prioritaire;Essentiel;A2;nt2lex;Abstrait & concepts;heuristique_fr;Abstrait & concepts;heuristique_fr
NOMS_NL_104;le bâtiment / les bâtiments;het gebouw;5.04;Prioritaire;Essentiel;A2;nt2lex;Lieux;heuristique_fr;Lieux;heuristique_fr
NOMS_NL_105;l'usage / les usages;het gebruik;5.5;Prioritaire;Essentiel;A2;nt2lex;Abstrait & concepts;heuristique_fr;Abstrait & concepts;heuristique_fr
NOMS_NL_106;la naissance / les naissances;de geboorte;4.45;Prioritaire;Courant;A2;nt2lex;Abstrait & concepts;heuristique_fr;Abstrait & concepts;heuristique_fr
NOMS_NL_107;le comportement / (pas de pluriel);het gedrag;4.87;Prioritaire;Courant;B1;nt2lex;Abstrait & concepts;heuristique_fr;Abstrait & concepts;heuristique_fr
NOMS_NL_108;la pensée / les pensées;de gedachte;4.5;Prioritaire;Courant;A2;nt2lex;Abstrait & concepts;heuristique_fr;Abstrait & concepts;heuristique_fr
NOMS_NL_109;la partie / les parties;het gedeelte;4.68;Prioritaire;Courant;B1;nt2lex;Abstrait & concepts;heuristique_fr;Abstrait & concepts;heuristique_fr
NOMS_NL_110;le poème / les poèmes;het gedicht;4.26;Standard;Courant;A2;nt2lex;Abstrait & concepts;heuristique_fr;Abstrait & concepts;heuristique_fr
NOMS_NL_111;l'esprit / les esprits;de geest;4.74;Prioritaire;Courant;A2;nt2lex;Abstrait & concepts;heuristique_fr;Abstrait & concepts;heuristique_fr
NOMS_NL_112;la donnée / les données;het gegeven;5.23;Prioritaire;Essentiel;A2;nt2lex;Abstrait & concepts;heuristique_fr;Abstrait & concepts;heuristique_fr
NOMS_NL_113;l'ensemble / les ensembles;het geheel;5.03;Prioritaire;Essentiel;B1;nt2lex;Abstrait & concepts;heuristique_fr;Abstrait & concepts;heuristique_fr
NOMS_NL_114;le secret / les secrets;het geheim;4.54;Prioritaire;Courant;A2;nt2lex;Abstrait & concepts;heuristique_fr;Abstrait & concepts;heuristique_fr
NOMS_NL_115;la mémoire / les mémoires;het geheugen;4.36;Prioritaire;Courant;B2;nt2lex;Abstrait & concepts;heuristique_fr;Abstrait & concepts;heuristique_fr
NOMS_NL_116;le bonheur / (pas de pluriel);het geluk;4.97;Prioritaire;Courant;A2;nt2lex;Émotions & sentiments;heuristique_fr;Émotions & sentiments;heuristique_fr
NOMS_NL_117;le son / les sons;het geluid;4.76;Prioritaire;Courant;A2;nt2lex;Abstrait & concepts;heuristique_fr;Abstrait & concepts;heuristique_fr
NOMS_NL_118;l'argent / (pas de pluriel);het geld;5.6;Prioritaire;Essentiel;A1;nt2lex;Abstrait & concepts;heuristique_fr;Abstrait & concepts;heuristique_fr
NOMS_NL_119;l'occasion / les occasions;de gelegenheid;4.7;Prioritaire;Courant;B1;nt2lex;Abstrait & concepts;heuristique_fr;Abstrait & concepts;heuristique_fr
NOMS_NL_120;le droit (avoir raison) / (pas de pluriel);het gelijk;5.34;Prioritaire;Essentiel;A2;nt2lex;Société;heuristique_fr;Société;heuristique_fr
NOMS_NL_121;le croyant / les croyants;de gelovige;3.5;Standard;Courant;B2;nt2lex;Personnes;heuristique_fr;Personnes;heuristique_fr
NOMS_NL_122;la commune / les communes;de gemeente;5.35;Prioritaire;Essentiel;A2;nt2lex;Abstrait & concepts;heuristique_fr;Abstrait & concepts;heuristique_fr
NOMS_NL_123;la generatie / les générations;de generatie;4.65;Prioritaire;Courant;B1;nt2lex;Abstrait & concepts;heuristique_fr;Abstrait & concepts;heuristique_fr
NOMS_NL_124;le plaisir / (pas de pluriel);het genot;3.87;Standard;Courant;B2;nt2lex;Émotions & sentiments;heuristique_fr;Émotions & sentiments;heuristique_fr
NOMS_NL_125;le plat / les plats;het gerecht;4.21;Prioritaire;Courant;A2;nt2lex;Alimentation;heuristique_fr;Alimentation;heuristique_fr
NOMS_NL_126;l'outillage / (pas de pluriel);het gereedschap;3.98;Standard;Courant;A2;nt2lex;Abstrait & concepts;heuristique_fr;Abstrait & concepts;heuristique_fr
NOMS_NL_127;le litige / les litiges;het geschil;3.62;Standard;Courant;B2;nt2lex;Abstrait & concepts;heuristique_fr;Abstrait & concepts;heuristique_fr
NOMS_NL_128;l'histoire / (pas de pluriel);de geschiedenis;5.24;Prioritaire;Essentiel;A2;nt2lex;Société;heuristique_fr;Société;heuristique_fr
NOMS_NL_129;la compagnie / les compagnies;het gezelschap;4.36;Prioritaire;Courant;B1;nt2lex;Abstrait & concepts;heuristique_fr;Abstrait & concepts;heuristique_fr
NOMS_NL_130;le visage / les visages;het gezicht;5.02;Prioritaire;Essentiel;A2;nt2lex;Corps & santé;heuristique_fr;Corps & santé;heuristique_fr
NOMS_NL_131;le ménage (famille) / les ménages;het gezin;4.93;Prioritaire;Courant;A1;nt2lex;Personnes;heuristique_fr;Personnes;heuristique_fr
NOMS_NL_132;le danger / les dangers;het gevaar;4.82;Prioritaire;Courant;A2;nt2lex;Abstrait & concepts;heuristique_fr;Abstrait & concepts;heuristique_fr
NOMS_NL_133;le cas / les cas;het geval;5.33;Prioritaire;Essentiel;A2;nt2lex;Abstrait & concepts;heuristique_fr;Abstrait & concepts;heuristique_fr
NOMS_NL_134;le sentiment / les sentiments;het gevoel;5.25;Prioritaire;Essentiel;A2;nt2lex;Abstrait & concepts;heuristique_fr;Abstrait & concepts;heuristique_fr
NOMS_NL_135;la conséquence / les conséquences;het gevolg;5.02;Prioritaire;Essentiel;A2;nt2lex;Abstrait & concepts;heuristique_fr;Abstrait & concepts;heuristique_fr
NOMS_NL_136;l'habitude / les habitudes;de gewoonte;4.1;Prioritaire;Courant;A2;nt2lex;Abstrait & concepts;heuristique_fr;Abstrait & concepts;heuristique_fr
NOMS_NL_137;le poids / les poids;het gewicht;4.48;Prioritaire;Courant;B1;nt2lex;Abstrait & concepts;heuristique_fr;Abstrait & concepts;heuristique_fr
NOMS_NL_138;l'odeur / les odeurs;de geur;4.29;Standard;Courant;A2;nt2lex;Abstrait & concepts;heuristique_fr;Abstrait & concepts;heuristique_fr
NOMS_NL_139;le guide / les guides;de gids;4.11;Standard;Courant;A2;nt2lex;Personnes;heuristique_fr;Personnes;heuristique_fr
NOMS_NL_140;le verre / les verres;het glas;4.65;Prioritaire;Courant;A2;nt2lex;Vêtements & objets;heuristique_fr;Vêtements & objets;heuristique_fr
NOMS_NL_141;le dieu / les dieux;de god;5.18;Prioritaire;Essentiel;A2;nt2lex;Abstrait & concepts;heuristique_fr;Abstrait & concepts;heuristique_fr
NOMS_NL_142;la vague / les vagues;de golf;4.65;Prioritaire;Courant;A2;nt2lex;Nature;heuristique_fr;Nature;heuristique_fr
NOMS_NL_143;la frontière / les frontières;de grens;4.84;Prioritaire;Courant;B1;nt2lex;Lieux;heuristique_fr;Lieux;heuristique_fr
NOMS_NL_144;le groupe / les groupes;de groep;5.49;Prioritaire;Essentiel;A1;nt2lex;Abstrait & concepts;heuristique_fr;Abstrait & concepts;heuristique_fr
NOMS_NL_145;le légume / les légumes;de groente;3.99;Prioritaire;Courant;A1;nt2lex;Alimentation;heuristique_fr;Alimentation;heuristique_fr
NOMS_NL_146;le sol / les sols;de grond;5.16;Prioritaire;Essentiel;A1;nt2lex;Abstrait & concepts;heuristique_fr;Abstrait & concepts;heuristique_fr
NOMS_NL_147;la croissance / (pas de pluriel);de groei;4.64;Prioritaire;Courant;B2;nt2lex;Abstrait & concepts;heuristique_fr;Abstrait & concepts;heuristique_fr
NOMS_NL_148;la haine / (pas de pluriel);de haat;4.98;Prioritaire;Courant;A2;nt2lex;Émotions & sentiments;heuristique_fr;Émotions & sentiments;heuristique_fr
NOMS_NL_149;le cheveu / les cheveux;het haar;6.27;Prioritaire;Essentiel;A1;nt2lex;Corps & santé;heuristique_fr;Corps & santé;heuristique_fr
NOMS_NL_150;la main / les mains;de hand;5.38;Prioritaire;Essentiel;A2;nt2lex;Abstrait & concepts;heuristique_fr;Abstrait & concepts;heuristique_fr
NOMS_NL_151;le commerce / (pas de pluriel);de handel;4.64;Prioritaire;Courant;B1;nt2lex;Abstrait & concepts;heuristique_fr;Abstrait & concepts;heuristique_fr
NOMS_NL_152;le port / les ports;de haven;4.57;Prioritaire;Courant;A1;nt2lex;Lieux;heuristique_fr;Lieux;heuristique_fr
NOMS_NL_153;le cœur / les cœurs;het hart;5.2;Prioritaire;Essentiel;A2;nt2lex;Abstrait & concepts;heuristique_fr;Abstrait & concepts;heuristique_fr
NOMS_NL_154;le seigneur (monsieur) / les seigneurs;de heer;5.01;Prioritaire;Essentiel;A2;nt2lex;Personnes;heuristique_fr;Personnes;heuristique_fr
NOMS_NL_155;le présent / (pas de pluriel);het heden;4.5;Prioritaire;Courant;B1;nt2lex;Abstrait & concepts;heuristique_fr;Abstrait & concepts;heuristique_fr
NOMS_NL_156;l'univers / (pas de pluriel);de heelal;3.83;Standard;Courant;C1;freq_estime;Abstrait & concepts;heuristique_fr;Abstrait & concepts;heuristique_fr
NOMS_NL_157;la moitié / les moitiés;de helft;5.04;Prioritaire;Essentiel;A2;nt2lex;Abstrait & concepts;heuristique_fr;Abstrait & concepts;heuristique_fr
NOMS_NL_158;le souvenir / les souvenirs;de herinnering;4.44;Prioritaire;Courant;A2;nt2lex;Abstrait & concepts;heuristique_fr;Abstrait & concepts;heuristique_fr
NOMS_NL_159;l'origine / les origines;de herkomst;4.12;Standard;Courant;B1;nt2lex;Abstrait & concepts;heuristique_fr;Abstrait & concepts;heuristique_fr
NOMS_NL_160;le rétablissement / la réparation;het herstel;4.4;Prioritaire;Courant;C1;nt2lex;Abstrait & concepts;heuristique_fr;Abstrait & concepts;heuristique_fr
NOMS_NL_161;la colline / les collines;de heuvel;4.32;Standard;Courant;A2;nt2lex;Nature;heuristique_fr;Nature;heuristique_fr
NOMS_NL_162;la chaleur / (pas de pluriel);de hitte;4.16;Standard;Courant;A2;nt2lex;Abstrait & concepts;heuristique_fr;Abstrait & concepts;heuristique_fr
NOMS_NL_163;le coin (l'angle) / les coins;de hoek;4.77;Prioritaire;Courant;A2;nt2lex;Abstrait & concepts;heuristique_fr;Abstrait & concepts;heuristique_fr
NOMS_NL_164;la ferme / les fermes;de hoeve;3.74;Standard;Courant;C1;freq_estime;Lieux;heuristique_fr;Lieux;heuristique_fr
NOMS_NL_165;la quantité / les quantités;de hoeveelheid;4.62;Prioritaire;Courant;A2;nt2lex;Abstrait & concepts;heuristique_fr;Abstrait & concepts;heuristique_fr
NOMS_NL_166;la cour / les cours;het hof;4.63;Prioritaire;Courant;A2;nt2lex;Travail-études;heuristique_fr;Travail-études;heuristique_fr
NOMS_NL_167;la tête / les têtes;het hoofd;5.36;Prioritaire;Essentiel;A1;nt2lex;Corps & santé;heuristique_fr;Corps & santé;heuristique_fr
NOMS_NL_168;le mal de tête / les maux de tête;de hoofdpijn;4.09;Standard;Courant;A1;nt2lex;Corps & santé;heuristique_fr;Corps & santé;heuristique_fr
NOMS_NL_169;l'espoir / (pas de pluriel);de hoop;5.5;Prioritaire;Essentiel;A2;nt2lex;Émotions & sentiments;heuristique_fr;Émotions & sentiments;heuristique_fr
NOMS_NL_170;la hauteur / les hauteurs;de hoogte;5.06;Prioritaire;Essentiel;B1;nt2lex;Abstrait & concepts;heuristique_fr;Abstrait & concepts;heuristique_fr
NOMS_NL_171;la corne (ou l'ouïe) / les cornes;de horen;5.38;Standard;Essentiel;A1;nt2lex;Abstrait & concepts;heuristique_fr;Abstrait & concepts;heuristique_fr
NOMS_NL_172;l'hôtel / les hôtels;het hotel;5.0;Prioritaire;Essentiel;A2;nt2lex;Abstrait & concepts;heuristique_fr;Abstrait & concepts;heuristique_fr
NOMS_NL_173;l'attitude / les attitudes;de houding;4.45;Prioritaire;Courant;B1;nt2lex;Abstrait & concepts;heuristique_fr;Abstrait & concepts;heuristique_fr
NOMS_NL_174;le bois (matière) / (pas de pluriel);het hout;4.53;Prioritaire;Courant;A2;nt2lex;Abstrait & concepts;heuristique_fr;Abstrait & concepts;heuristique_fr
NOMS_NL_175;la maison / les maisons;het huis;5.72;Prioritaire;Essentiel;A1;nt2lex;Maison;heuristique_fr;Maison;heuristique_fr
NOMS_NL_176;l'aide / (pas de pluriel);de hulp;5.3;Prioritaire;Essentiel;A1;nt2lex;Abstrait & concepts;heuristique_fr;Abstrait & concepts;heuristique_fr
NOMS_NL_177;le mariage / les mariages;het huwelijk;4.96;Prioritaire;Courant;A2;nt2lex;Abstrait & concepts;heuristique_fr;Abstrait & concepts;heuristique_fr
NOMS_NL_178;l'idée / les idées;het idee;5.41;Prioritaire;Essentiel;A1;nt2lex;Abstrait & concepts;heuristique_fr;Abstrait & concepts;heuristique_fr
NOMS_NL_179;la glace / (pas de pluriel);de ijs;4.47;Prioritaire;Courant;A1;nt2lex;Nature;heuristique_fr;Nature;heuristique_fr
NOMS_NL_180;l'impression / les impressions;de indruk;4.81;Prioritaire;Courant;A2;nt2lex;Abstrait & concepts;heuristique_fr;Abstrait & concepts;heuristique_fr
NOMS_NL_181;l'industrie / les industries;de industrie;4.64;Prioritaire;Courant;B1;nt2lex;Abstrait & concepts;heuristique_fr;Abstrait & concepts;heuristique_fr
NOMS_NL_182;l'information / les informations;de informatie;5.45;Prioritaire;Essentiel;A1;nt2lex;Abstrait & concepts;heuristique_fr;Abstrait & concepts;heuristique_fr
NOMS_NL_183;le contenu / les contenus;de inhoud;4.82;Prioritaire;Courant;B1;nt2lex;Abstrait & concepts;heuristique_fr;Abstrait & concepts;heuristique_fr
NOMS_NL_184;les revenus / (toujours pluriel);de inkomsten;4.37;Prioritaire;Courant;B2;freq_estime;Abstrait & concepts;heuristique_fr;Abstrait & concepts;heuristique_fr
NOMS_NL_185;l'introduction / les introductions;de inleiding;3.98;Prioritaire;Courant;B1;nt2lex;Abstrait & concepts;heuristique_fr;Abstrait & concepts;heuristique_fr
NOMS_NL_186;l'aménagement / les aménagements;de inrichting;4.08;Prioritaire;Courant;B1;nt2lex;Abstrait & concepts;heuristique_fr;Abstrait & concepts;heuristique_fr
NOMS_NL_187;l'institution (ou réglage) / les institutions;de instelling;4.33;Prioritaire;Courant;A2;nt2lex;Abstrait & concepts;heuristique_fr;Abstrait & concepts;heuristique_fr
NOMS_NL_188;l'instrument / les instruments;de instrument;4.22;Prioritaire;Courant;A2;nt2lex;Vêtements & objets;heuristique_fr;Vêtements & objets;heuristique_fr
NOMS_NL_189;l'intérêt / les intérêts;de interesse;4.7;Prioritaire;Courant;B1;nt2lex;Abstrait & concepts;heuristique_fr;Abstrait & concepts;heuristique_fr
NOMS_NL_190;l'influence / les influences;de invloed;4.98;Prioritaire;Courant;A2;nt2lex;Abstrait & concepts;heuristique_fr;Abstrait & concepts;heuristique_fr
NOMS_NL_191;l'importation / (pas de pluriel);de invoer;3.54;Prioritaire;Courant;C1;freq_estime;Abstrait & concepts;heuristique_fr;Abstrait & concepts;heuristique_fr
NOMS_NL_192;l'enjeu / l'engagement / les enjeux;de inzet;4.73;Prioritaire;Courant;B2;nt2lex;Abstrait & concepts;heuristique_fr;Abstrait & concepts;heuristique_fr
NOMS_NL_193;la dépression / l'affaissement / les dépressions;de inzinking;2.76;Standard;Spécialisé;C1;freq_estime;Abstrait & concepts;heuristique_fr;Abstrait & concepts;heuristique_fr
NOMS_NL_194;l'année (publication) / les années;de jaargang;3.59;Standard;Courant;B1;nt2lex;Temps;heuristique_fr;Temps;heuristique_fr
NOMS_NL_195;l'année / les années;het jaar;6.23;Prioritaire;Essentiel;A1;nt2lex;Temps;heuristique_fr;Temps;heuristique_fr
NOMS_NL_196;le chasseur / les chasseurs;de jager;3.98;Standard;Courant;A2;nt2lex;Personnes;heuristique_fr;Personnes;heuristique_fr
NOMS_NL_197;le manteau / les manteaux;de jas;4.49;Prioritaire;Courant;A1;nt2lex;Vêtements & objets;heuristique_fr;Vêtements & objets;heuristique_fr
NOMS_NL_198;la jeunesse / (pas de pluriel);de jeugd;4.92;Prioritaire;Courant;A2;nt2lex;Abstrait & concepts;heuristique_fr;Abstrait & concepts;heuristique_fr
NOMS_NL_199;le jeune / les jeunes;de jongere;4.41;Prioritaire;Courant;B1;nt2lex;Personnes;heuristique_fr;Personnes;heuristique_fr
NOMS_NL_200;le journaliste / les journalistes;de journalist;4.63;Standard;Courant;A2;nt2lex;Personnes;heuristique_fr;Personnes;heuristique_fr
NOMS_NL_201;la carte / les cartes;de kaart;5.03;Prioritaire;Essentiel;A1;nt2lex;Abstrait & concepts;heuristique_fr;Abstrait & concepts;heuristique_fr
NOMS_NL_202;le fromage / les fromages;de kaas;4.43;Standard;Courant;A1;nt2lex;Alimentation;heuristique_fr;Alimentation;heuristique_fr
NOMS_NL_203;le cadre / les cadres;het kader;4.66;Prioritaire;Courant;B2;nt2lex;Abstrait & concepts;heuristique_fr;Abstrait & concepts;heuristique_fr
NOMS_NL_204;la chambre / les chambres;de kamer;5.28;Prioritaire;Essentiel;A1;nt2lex;Maison;heuristique_fr;Maison;heuristique_fr
NOMS_NL_205;la chance (opportunité) / les chances;de kans;5.39;Prioritaire;Essentiel;A2;nt2lex;Abstrait & concepts;heuristique_fr;Abstrait & concepts;heuristique_fr
NOMS_NL_206;le côté / les côtés;de kant;5.26;Prioritaire;Essentiel;A2;nt2lex;Abstrait & concepts;heuristique_fr;Abstrait & concepts;heuristique_fr
NOMS_NL_207;le bureau (lieu) / les bureaux;het kantoor;4.87;Prioritaire;Courant;A1;nt2lex;Travail-études;heuristique_fr;Travail-études;heuristique_fr
NOMS_NL_208;le capitaine / les capitaines;de kapitein;4.45;Standard;Courant;A2;nt2lex;Personnes;heuristique_fr;Personnes;heuristique_fr
NOMS_NL_209;la charrette / les charrettes;de kar;3.81;Standard;Courant;A2;nt2lex;Abstrait & concepts;heuristique_fr;Abstrait & concepts;heuristique_fr
NOMS_NL_210;le caractère / les caractères;de karakter;4.6;Prioritaire;Courant;B1;nt2lex;Abstrait & concepts;heuristique_fr;Abstrait & concepts;heuristique_fr
NOMS_NL_211;la caisse (ou serre) / les caisses;de kas;3.87;Prioritaire;Courant;B1;nt2lex;Abstrait & concepts;heuristique_fr;Abstrait & concepts;heuristique_fr
NOMS_NL_212;l'armoire / les armoires;de kast;4.52;Prioritaire;Courant;A1;nt2lex;Maison;heuristique_fr;Maison;heuristique_fr
NOMS_NL_213;le château / les châteaux;de kasteel;4.46;Standard;Courant;A2;nt2lex;Lieux;heuristique_fr;Lieux;heuristique_fr
NOMS_NL_214;la fois / les fois;de keer;5.8;Prioritaire;Essentiel;A1;nt2lex;Temps;heuristique_fr;Temps;heuristique_fr
NOMS_NL_215;la cave / les caves;de kelder;4.13;Standard;Courant;A2;nt2lex;Lieux;heuristique_fr;Lieux;heuristique_fr
NOMS_NL_216;la connaissance / les connaissances;de kennis;5.01;Prioritaire;Essentiel;A2;nt2lex;Abstrait & concepts;heuristique_fr;Abstrait & concepts;heuristique_fr
NOMS_NL_217;le choix / les choix;de keuze;5.01;Prioritaire;Essentiel;A2;nt2lex;Abstrait & concepts;heuristique_fr;Abstrait & concepts;heuristique_fr
NOMS_NL_218;le regard / la vue / les vues;de kijk;5.61;Prioritaire;Essentiel;A2;nt2lex;Abstrait & concepts;heuristique_fr;Abstrait & concepts;heuristique_fr
NOMS_NL_219;l'enfant / les enfants;het kind;5.36;Prioritaire;Essentiel;A1;nt2lex;Personnes;heuristique_fr;Personnes;heuristique_fr
NOMS_NL_220;le poulet / les poulets;de kip;4.39;Standard;Courant;A2;nt2lex;Animaux;heuristique_fr;Animaux;heuristique_fr
NOMS_NL_221;la caisse (coffre) / les caisses;de kist;3.93;Standard;Courant;A2;nt2lex;Vêtements & objets;heuristique_fr;Vêtements & objets;heuristique_fr
NOMS_NL_222;la plainte / les plaintes;de klacht;4.5;Prioritaire;Courant;A2;nt2lex;Abstrait & concepts;heuristique_fr;Abstrait & concepts;heuristique_fr
NOMS_NL_223;le client / les clients;de klant;4.66;Prioritaire;Courant;A1;nt2lex;Personnes;heuristique_fr;Personnes;heuristique_fr
NOMS_NL_224;la classe / les classes;de klas;4.66;Prioritaire;Courant;A1;nt2lex;Travail-études;heuristique_fr;Travail-études;heuristique_fr
NOMS_NL_225;les vêtements / (pas de pluriel);de kleding;4.77;Prioritaire;Courant;A2;nt2lex;Abstrait & concepts;heuristique_fr;Abstrait & concepts;heuristique_fr
NOMS_NL_226;les habits / (toujours pluriel);de kleren;4.59;Prioritaire;Courant;B1;freq_estime;Abstrait & concepts;heuristique_fr;Abstrait & concepts;heuristique_fr
NOMS_NL_227;la couleur / les couleurs;de kleur;5.14;Prioritaire;Essentiel;A1;nt2lex;Abstrait & concepts;heuristique_fr;Abstrait & concepts;heuristique_fr
NOMS_NL_228;l'horloge / les horloges;de klok;4.43;Prioritaire;Courant;A2;nt2lex;Abstrait & concepts;heuristique_fr;Abstrait & concepts;heuristique_fr
NOMS_NL_229;le bouton / le nœud / les nœuds;de knoop;3.97;Standard;Courant;A2;nt2lex;Abstrait & concepts;heuristique_fr;Abstrait & concepts;heuristique_fr
NOMS_NL_230;la vache / les vaches;de koe;4.08;Standard;Courant;A2;nt2lex;Animaux;heuristique_fr;Animaux;heuristique_fr
NOMS_NL_231;le cours (bourse/route) / les cours;de koers;4.45;Prioritaire;Courant;B1;nt2lex;Travail-études;heuristique_fr;Travail-études;heuristique_fr
NOMS_NL_232;la valise / les valises;de koffer;4.14;Standard;Courant;A2;nt2lex;Vêtements & objets;heuristique_fr;Vêtements & objets;heuristique_fr
NOMS_NL_233;le café / (pas de pluriel);de koffie;4.97;Prioritaire;Courant;A1;nt2lex;Alimentation;heuristique_fr;Alimentation;heuristique_fr
NOMS_NL_234;la balle (fusil) / les balles;de kogel;4.09;Standard;Courant;A2;nt2lex;Abstrait & concepts;heuristique_fr;Abstrait & concepts;heuristique_fr
NOMS_NL_235;le cuisinier / les cuisiniers;de kok;4.3;Standard;Courant;A2;nt2lex;Personnes;heuristique_fr;Personnes;heuristique_fr
NOMS_NL_236;la colonne / les colonnes;de kolom;3.57;Standard;Courant;C1;freq_estime;Abstrait & concepts;heuristique_fr;Abstrait & concepts;heuristique_fr
NOMS_NL_237;le bol / les bols;de kom;5.62;Standard;Essentiel;A2;nt2lex;Vêtements & objets;heuristique_fr;Vêtements & objets;heuristique_fr
NOMS_NL_238;la venue / l'arrivée / les venues;de komst;4.51;Prioritaire;Courant;A2;nt2lex;Abstrait & concepts;heuristique_fr;Abstrait & concepts;heuristique_fr
NOMS_NL_239;le roi / les rois;de koning;5.09;Prioritaire;Essentiel;A2;nt2lex;Personnes;heuristique_fr;Personnes;heuristique_fr
NOMS_NL_240;la reine / les reines;de koningin;4.69;Prioritaire;Courant;A2;nt2lex;Personnes;heuristique_fr;Personnes;heuristique_fr
NOMS_NL_241;le cul / les culs;de kont;4.61;Standard;Courant;A2;nt2lex;Abstrait & concepts;heuristique_fr;Abstrait & concepts;heuristique_fr
NOMS_NL_242;la cuisine (action) / (pas de pluriel);de kook;4.01;Prioritaire;Courant;C1;freq_estime;Maison;heuristique_fr;Maison;heuristique_fr
NOMS_NL_243;le chou / les choux;de kool;3.72;Standard;Courant;A2;nt2lex;Alimentation;heuristique_fr;Alimentation;heuristique_fr
NOMS_NL_244;l'achat / les achats;de koop;4.85;Prioritaire;Courant;B1;freq_estime;Abstrait & concepts;heuristique_fr;Abstrait & concepts;heuristique_fr
NOMS_NL_245;l'acheteur / les acheteurs;de koper;4.16;Prioritaire;Courant;B2;nt2lex;Personnes;heuristique_fr;Personnes;heuristique_fr
NOMS_NL_246;la tête (animal/tasse) / les têtes;de kop;5.09;Prioritaire;Essentiel;A1;nt2lex;Corps & santé;heuristique_fr;Corps & santé;heuristique_fr
NOMS_NL_247;la réduction / les réductions;de korting;4.56;Standard;Courant;A1;nt2lex;Abstrait & concepts;heuristique_fr;Abstrait & concepts;heuristique_fr
NOMS_NL_248;la nourriture / les frais / (pas de pluriel);de kost;4.91;Prioritaire;Courant;A2;nt2lex;Alimentation;heuristique_fr;Alimentation;heuristique_fr
NOMS_NL_249;le froid / (pas de pluriel);de kou;4.15;Prioritaire;Courant;A2;nt2lex;Abstrait & concepts;heuristique_fr;Abstrait & concepts;heuristique_fr
NOMS_NL_250;la force / les forces;de kracht;5.04;Prioritaire;Essentiel;A2;nt2lex;Abstrait & concepts;heuristique_fr;Abstrait & concepts;heuristique_fr
NOMS_NL_251;le journal / les journaux;de krant;4.77;Prioritaire;Courant;A1;nt2lex;Abstrait & concepts;heuristique_fr;Abstrait & concepts;heuristique_fr
NOMS_NL_252;le cercle / les cercles;de kring;3.99;Prioritaire;Courant;A2;nt2lex;Abstrait & concepts;heuristique_fr;Abstrait & concepts;heuristique_fr
NOMS_NL_253;la critique / les critiques;de kritiek;4.74;Prioritaire;Courant;A2;nt2lex;Abstrait & concepts;heuristique_fr;Abstrait & concepts;heuristique_fr
NOMS_NL_254;le café (bistrot) / les cafés;de kroeg;3.84;Standard;Courant;A2;nt2lex;Alimentation;heuristique_fr;Alimentation;heuristique_fr
NOMS_NL_255;la croix / les croix;de kruis;4.39;Standard;Courant;A2;nt2lex;Abstrait & concepts;heuristique_fr;Abstrait & concepts;heuristique_fr
NOMS_NL_256;la qualité / les qualités;de kwaliteit;4.72;Prioritaire;Courant;B1;nt2lex;Abstrait & concepts;heuristique_fr;Abstrait & concepts;heuristique_fr
NOMS_NL_257;le quart d'heure / les quarts d'heure;de kwartier;4.18;Prioritaire;Courant;A2;nt2lex;Temps;heuristique_fr;Temps;heuristique_fr
NOMS_NL_258;la question (problème) / les questions;de kwestie;4.62;Prioritaire;Courant;B1;nt2lex;Abstrait & concepts;heuristique_fr;Abstrait & concepts;heuristique_fr
NOMS_NL_259;la couche / les couches;de laag;4.77;Prioritaire;Courant;B1;nt2lex;Abstrait & concepts;heuristique_fr;Abstrait & concepts;heuristique_fr
NOMS_NL_260;l'agriculture / (pas de pluriel);de landbouw;4.46;Prioritaire;Courant;B1;nt2lex;Abstrait & concepts;heuristique_fr;Abstrait & concepts;heuristique_fr
NOMS_NL_261;le pays (la terre) / les pays;het land;5.68;Prioritaire;Essentiel;A1;nt2lex;Nature;heuristique_fr;Nature;heuristique_fr
NOMS_NL_262;le chargeur / les chargeurs;de lader;3.47;Standard;Spécialisé;B1;nt2lex;Vêtements & objets;heuristique_fr;Vêtements & objets;heuristique_fr
NOMS_NL_263;la charge / le poids / les charges;de last;4.92;Prioritaire;Courant;A1;nt2lex;Abstrait & concepts;heuristique_fr;Abstrait & concepts;heuristique_fr
NOMS_NL_264;l'âge / les âges;de leeftijd;5.21;Prioritaire;Essentiel;A2;nt2lex;Abstrait & concepts;heuristique_fr;Abstrait & concepts;heuristique_fr
NOMS_NL_265;le cuir / (pas de pluriel);het leer;4.75;Prioritaire;Courant;B1;nt2lex;Abstrait & concepts;heuristique_fr;Abstrait & concepts;heuristique_fr
NOMS_NL_266;l'élève / les élèves;de leerling;4.36;Prioritaire;Courant;A1;nt2lex;Personnes;heuristique_fr;Personnes;heuristique_fr
NOMS_NL_267;la direction (conduite) / les directions;de leiding;4.83;Prioritaire;Courant;A2;nt2lex;Abstrait & concepts;heuristique_fr;Abstrait & concepts;heuristique_fr
NOMS_NL_268;l'armée / les armées;het leger;5.13;Prioritaire;Essentiel;A2;nt2lex;Société;heuristique_fr;Société;heuristique_fr
NOMS_NL_269;la leçon / les leçons;de les;5.04;Prioritaire;Essentiel;A1;nt2lex;Travail-études;heuristique_fr;Travail-études;heuristique_fr
NOMS_NL_270;la lettre (alphabet) / les lettres;de letter;4.2;Prioritaire;Courant;A2;nt2lex;Abstrait & concepts;heuristique_fr;Abstrait & concepts;heuristique_fr
NOMS_NL_271;la vie / les vies;het leven;5.94;Prioritaire;Essentiel;A1;nt2lex;Abstrait & concepts;heuristique_fr;Abstrait & concepts;heuristique_fr
NOMS_NL_272;la livraison / les livraisons;de levering;3.94;Prioritaire;Courant;B1;nt2lex;Abstrait & concepts;heuristique_fr;Abstrait & concepts;heuristique_fr
NOMS_NL_273;le mensonge / les mensonges;de leugen;4.23;Standard;Courant;A2;nt2lex;Abstrait & concepts;heuristique_fr;Abstrait & concepts;heuristique_fr
NOMS_NL_274;le membre (club) / les membres;het lid;5.21;Prioritaire;Essentiel;A2;nt2lex;Personnes;heuristique_fr;Personnes;heuristique_fr
NOMS_NL_275;la chanson / les chansons;het lied;4.51;Standard;Courant;A2;nt2lex;Abstrait & concepts;heuristique_fr;Abstrait & concepts;heuristique_fr
NOMS_NL_276;la lumière / les lumières;het licht;5.11;Prioritaire;Essentiel;A2;nt2lex;Abstrait & concepts;heuristique_fr;Abstrait & concepts;heuristique_fr
NOMS_NL_277;l'amour / les amours;de liefde;5.21;Prioritaire;Essentiel;A2;nt2lex;Émotions & sentiments;heuristique_fr;Émotions & sentiments;heuristique_fr
NOMS_NL_278;le corps / les corps;het lijf;4.37;Prioritaire;Courant;A2;nt2lex;Corps & santé;heuristique_fr;Corps & santé;heuristique_fr
NOMS_NL_279;la liste / les listes;de lijst;5.13;Prioritaire;Essentiel;A2;nt2lex;Abstrait & concepts;heuristique_fr;Abstrait & concepts;heuristique_fr
NOMS_NL_280;la ligne / les lignes;de lijn;4.94;Prioritaire;Courant;A2;nt2lex;Abstrait & concepts;heuristique_fr;Abstrait & concepts;heuristique_fr
NOMS_NL_281;le local / les locaux;het lokaal;4.36;Standard;Courant;A1;nt2lex;Abstrait & concepts;heuristique_fr;Abstrait & concepts;heuristique_fr
NOMS_NL_282;le salaire / les salaires;het loon;4.42;Prioritaire;Courant;A2;nt2lex;Travail-études;heuristique_fr;Travail-études;heuristique_fr
NOMS_NL_283;le cours (marche) / (pas de pluriel);de loop;4.97;Prioritaire;Courant;B1;nt2lex;Travail-études;heuristique_fr;Travail-études;heuristique_fr
NOMS_NL_284;l'air / le ciel / les airs;de lucht;4.99;Prioritaire;Courant;A2;nt2lex;Nature;heuristique_fr;Nature;heuristique_fr
NOMS_NL_285;le haut-parleur / les haut-parleurs;de luidspreker;3.22;Standard;Spécialisé;C1;freq_estime;Abstrait & concepts;heuristique_fr;Abstrait & concepts;heuristique_fr
NOMS_NL_286;le lunch / les lunchs;de lunch;4.49;Standard;Courant;A1;nt2lex;Alimentation;heuristique_fr;Alimentation;heuristique_fr
NOMS_NL_287;le repas / les repas;de maaltijd;4.24;Prioritaire;Courant;A1;nt2lex;Alimentation;heuristique_fr;Alimentation;heuristique_fr
NOMS_NL_288;le mois / les mois;de maand;5.29;Prioritaire;Essentiel;A1;nt2lex;Temps;heuristique_fr;Temps;heuristique_fr
NOMS_NL_289;la mesure / les mesures;de maat;4.8;Prioritaire;Courant;A2;nt2lex;Abstrait & concepts;heuristique_fr;Abstrait & concepts;heuristique_fr
NOMS_NL_290;la mesure (disposition) / les mesures;de maatregel;4.15;Prioritaire;Courant;B1;nt2lex;Abstrait & concepts;heuristique_fr;Abstrait & concepts;heuristique_fr
NOMS_NL_291;la société / les sociétés;de maatschappij;4.77;Prioritaire;Courant;A2;nt2lex;Société;heuristique_fr;Société;heuristique_fr
NOMS_NL_292;le pouvoir / les pouvoirs;de macht;4.97;Prioritaire;Courant;A2;nt2lex;Abstrait & concepts;heuristique_fr;Abstrait & concepts;heuristique_fr
NOMS_NL_293;la maman / les mamans;de mama;4.87;Standard;Courant;B1;nt2lex;Personnes;heuristique_fr;Personnes;heuristique_fr
NOMS_NL_294;l'homme / les hommes;de man;5.84;Prioritaire;Essentiel;A1;nt2lex;Personnes;heuristique_fr;Personnes;heuristique_fr
NOMS_NL_295;la manière / les manières;de manier;5.53;Prioritaire;Essentiel;A2;nt2lex;Abstrait & concepts;heuristique_fr;Abstrait & concepts;heuristique_fr
NOMS_NL_296;le marché / les marchés;de markt;5.0;Prioritaire;Essentiel;A2;nt2lex;Abstrait & concepts;heuristique_fr;Abstrait & concepts;heuristique_fr
NOMS_NL_297;la masse / les masses;de massa;4.32;Prioritaire;Courant;A2;nt2lex;Abstrait & concepts;heuristique_fr;Abstrait & concepts;heuristique_fr
NOMS_NL_298;le matériel / les matériaux;het materiaal;4.69;Prioritaire;Courant;B1;nt2lex;Abstrait & concepts;heuristique_fr;Abstrait & concepts;heuristique_fr
NOMS_NL_299;le collaborateur / les collaborateurs;de medewerker;4.66;Prioritaire;Courant;A2;nt2lex;Personnes;heuristique_fr;Personnes;heuristique_fr
NOMS_NL_300;la fille / la servante / les filles;de meid;4.75;Standard;Courant;A2;nt2lex;Personnes;heuristique_fr;Personnes;heuristique_fr
NOMS_NL_301;l'avis / les avis;de mening;4.93;Prioritaire;Courant;A2;nt2lex;Abstrait & concepts;heuristique_fr;Abstrait & concepts;heuristique_fr
NOMS_NL_302;l'être humain / les êtres humains;de mens;5.17;Prioritaire;Essentiel;A1;nt2lex;Abstrait & concepts;heuristique_fr;Abstrait & concepts;heuristique_fr
NOMS_NL_303;la marque / les marques;het merk;4.69;Prioritaire;Courant;A2;nt2lex;Abstrait & concepts;heuristique_fr;Abstrait & concepts;heuristique_fr
NOMS_NL_304;le couteau / les couteaux;het mes;4.31;Prioritaire;Courant;A2;nt2lex;Vêtements & objets;heuristique_fr;Vêtements & objets;heuristique_fr
NOMS_NL_305;la méthode / les méthodes;de methode;4.41;Prioritaire;Courant;B1;nt2lex;Abstrait & concepts;heuristique_fr;Abstrait & concepts;heuristique_fr
NOMS_NL_306;le moyen / les moyens;het middel;4.89;Prioritaire;Courant;A2;nt2lex;Abstrait & concepts;heuristique_fr;Abstrait & concepts;heuristique_fr
NOMS_NL_307;le midi (après-midi) / les midis;de middag;4.5;Prioritaire;Courant;A1;nt2lex;Temps;heuristique_fr;Temps;heuristique_fr
NOMS_NL_308;le milieu / les milieux;de milieu;4.65;Prioritaire;Courant;B1;nt2lex;Abstrait & concepts;heuristique_fr;Abstrait & concepts;heuristique_fr
NOMS_NL_309;la minute / les minutes;de minuut;4.65;Prioritaire;Courant;A1;nt2lex;Temps;heuristique_fr;Temps;heuristique_fr
NOMS_NL_310;le crime / les crimes;de misdaad;4.43;Standard;Courant;A2;nt2lex;Société;heuristique_fr;Société;heuristique_fr
NOMS_NL_311;la mode / les modes;de mode;4.45;Prioritaire;Courant;A2;nt2lex;Abstrait & concepts;heuristique_fr;Abstrait & concepts;heuristique_fr
NOMS_NL_312;la mère / les mères;de moeder;5.41;Prioritaire;Essentiel;A1;nt2lex;Personnes;heuristique_fr;Personnes;heuristique_fr
NOMS_NL_313;le courage / (pas de pluriel);de moed;4.45;Prioritaire;Courant;A2;nt2lex;Émotions & sentiments;heuristique_fr;Émotions & sentiments;heuristique_fr
NOMS_NL_314;la peine (effort) / les peines;de moeite;4.97;Prioritaire;Courant;A2;nt2lex;Abstrait & concepts;heuristique_fr;Abstrait & concepts;heuristique_fr
NOMS_NL_315;la bouche / les bouches;de mond;4.89;Prioritaire;Courant;A2;nt2lex;Corps & santé;heuristique_fr;Corps & santé;heuristique_fr
NOMS_NL_316;le moment / les moments;het moment;5.54;Prioritaire;Essentiel;A2;nt2lex;Temps;heuristique_fr;Temps;heuristique_fr
NOMS_NL_317;le moniteur / l'écran / les écrans;de monitor;3.74;Standard;Courant;B1;nt2lex;Vêtements & objets;heuristique_fr;Vêtements & objets;heuristique_fr
NOMS_NL_318;le meurtre / les meurtres;de moord;4.98;Standard;Courant;A2;nt2lex;Société;heuristique_fr;Société;heuristique_fr
NOMS_NL_319;le matin / les matins;de morgen;5.31;Prioritaire;Essentiel;A2;nt2lex;Temps;heuristique_fr;Temps;heuristique_fr
NOMS_NL_320;le moteur / les moteurs;de motor;4.73;Prioritaire;Courant;B1;nt2lex;Transport;heuristique_fr;Transport;heuristique_fr
NOMS_NL_321;la manche / les manches;de mouw;3.55;Standard;Courant;A2;nt2lex;Abstrait & concepts;heuristique_fr;Abstrait & concepts;heuristique_fr
NOMS_NL_322;la souris / les souris;de muis;4.03;Standard;Courant;A2;nt2lex;Animaux;heuristique_fr;Animaux;heuristique_fr
NOMS_NL_323;la monnaie / les monnaies;de munt;4.11;Prioritaire;Courant;A2;nt2lex;Abstrait & concepts;heuristique_fr;Abstrait & concepts;heuristique_fr
NOMS_NL_324;le mur / les murs;de muur;4.83;Prioritaire;Courant;A2;nt2lex;Maison;heuristique_fr;Maison;heuristique_fr
NOMS_NL_325;la musique / (pas de pluriel);de muziek;5.37;Prioritaire;Essentiel;A1;nt2lex;Abstrait & concepts;heuristique_fr;Abstrait & concepts;heuristique_fr
NOMS_NL_326;le nom / les noms;de naam;5.69;Prioritaire;Essentiel;A1;nt2lex;Abstrait & concepts;heuristique_fr;Abstrait & concepts;heuristique_fr
NOMS_NL_327;le malaise / la désagrément / les malaises;de naarheid;0.0;Standard;Spécialisé;C1;freq_estime;Émotions & sentiments;heuristique_fr;Émotions & sentiments;heuristique_fr
NOMS_NL_328;le désavantage / les désavantages;de nadeel;4.02;Prioritaire;Courant;B1;nt2lex;Abstrait & concepts;heuristique_fr;Abstrait & concepts;heuristique_fr
NOMS_NL_329;l'accent (insistance) / (pas de pluriel);de nadruk;4.24;Prioritaire;Courant;B1;nt2lex;Abstrait & concepts;heuristique_fr;Abstrait & concepts;heuristique_fr
NOMS_NL_330;la nuit / les nuits;de nacht;5.09;Prioritaire;Essentiel;A2;nt2lex;Temps;heuristique_fr;Temps;heuristique_fr
NOMS_NL_331;la nature / (pas de pluriel);de natuur;4.85;Prioritaire;Courant;A2;nt2lex;Abstrait & concepts;heuristique_fr;Abstrait & concepts;heuristique_fr
NOMS_NL_332;la défaite / les défaites;de nederlaag;4.29;Standard;Courant;B2;nt2lex;Abstrait & concepts;heuristique_fr;Abstrait & concepts;heuristique_fr
NOMS_NL_333;le cousin (ou neveu) / les cousins;de neef;4.41;Standard;Courant;A1;nt2lex;Personnes;heuristique_fr;Personnes;heuristique_fr
NOMS_NL_334;la tendance / les tendances;de neiging;3.96;Prioritaire;Courant;B1;nt2lex;Abstrait & concepts;heuristique_fr;Abstrait & concepts;heuristique_fr
NOMS_NL_335;la nuque / les nuques;de nek;4.45;Standard;Courant;A2;nt2lex;Corps & santé;heuristique_fr;Corps & santé;heuristique_fr
NOMS_NL_336;le réseau / le filet / les réseaux;het net;5.85;Prioritaire;Essentiel;A2;nt2lex;Abstrait & concepts;heuristique_fr;Abstrait & concepts;heuristique_fr
NOMS_NL_337;le nez / les nez;de neus;4.63;Standard;Courant;A2;nt2lex;Corps & santé;heuristique_fr;Corps & santé;heuristique_fr
NOMS_NL_338;la nouvelle (info) / (pas de pluriel);het nieuws;5.56;Prioritaire;Essentiel;A1;freq_estime;Abstrait & concepts;heuristique_fr;Abstrait & concepts;heuristique_fr
NOMS_NL_339;le niveau / les niveaux;het niveau;4.93;Prioritaire;Courant;A2;nt2lex;Abstrait & concepts;heuristique_fr;Abstrait & concepts;heuristique_fr
NOMS_NL_340;le besoin (nécessité) / les besoins;de nood;4.31;Prioritaire;Courant;A2;nt2lex;Abstrait & concepts;heuristique_fr;Abstrait & concepts;heuristique_fr
NOMS_NL_341;la norme / les normes;de norm;4.05;Prioritaire;Courant;B1;nt2lex;Abstrait & concepts;heuristique_fr;Abstrait & concepts;heuristique_fr
NOMS_NL_342;la note / les notes;de nota;3.77;Standard;Courant;C1;freq_estime;Travail-études;heuristique_fr;Travail-études;heuristique_fr
NOMS_NL_343;le numéro / les numéros;het nummer;5.32;Prioritaire;Essentiel;A2;nt2lex;Abstrait & concepts;heuristique_fr;Abstrait & concepts;heuristique_fr
NOMS_NL_344;l'utilité / (pas de pluriel);het nut;4.21;Prioritaire;Courant;A2;nt2lex;Abstrait & concepts;heuristique_fr;Abstrait & concepts;heuristique_fr
NOMS_NL_345;le matin / les matins;de ochtend;4.81;Prioritaire;Courant;A1;nt2lex;Temps;heuristique_fr;Temps;heuristique_fr
NOMS_NL_346;l'exercice / les exercices;de oefening;4.23;Prioritaire;Courant;A1;nt2lex;Abstrait & concepts;heuristique_fr;Abstrait & concepts;heuristique_fr
NOMS_NL_347;l'oeil / les yeux;het oog;4.89;Prioritaire;Courant;A1;nt2lex;Corps & santé;heuristique_fr;Corps & santé;heuristique_fr
NOMS_NL_348;la guerre / les guerres;de oorlog;5.29;Prioritaire;Essentiel;A2;nt2lex;Société;heuristique_fr;Société;heuristique_fr
NOMS_NL_349;l'oncle / les oncles;de oom;4.4;Standard;Courant;A2;nt2lex;Personnes;heuristique_fr;Personnes;heuristique_fr
NOMS_NL_350;la cause / les causes;de oorzaak;4.62;Prioritaire;Courant;A2;nt2lex;Abstrait & concepts;heuristique_fr;Abstrait & concepts;heuristique_fr
NOMS_NL_351;la solution / les solutions;de oplossing;4.94;Prioritaire;Courant;A2;nt2lex;Abstrait & concepts;heuristique_fr;Abstrait & concepts;heuristique_fr
NOMS_NL_352;la formation / les formations;de opleiding;4.86;Prioritaire;Courant;A2;nt2lex;Travail-études;heuristique_fr;Travail-études;heuristique_fr
NOMS_NL_353;l'enregistrement / l'admission / les enregistrements;de opname;4.41;Prioritaire;Courant;B1;nt2lex;Abstrait & concepts;heuristique_fr;Abstrait & concepts;heuristique_fr
NOMS_NL_354;la surface / les surfaces;de oppervlakte;4.29;Prioritaire;Courant;A2;nt2lex;Abstrait & concepts;heuristique_fr;Abstrait & concepts;heuristique_fr
NOMS_NL_355;la mission / la commande / les missions;de opdracht;4.94;Prioritaire;Courant;A2;nt2lex;Abstrait & concepts;heuristique_fr;Abstrait & concepts;heuristique_fr
NOMS_NL_356;la remarque / les remarques;de opmerking;4.39;Prioritaire;Courant;B1;nt2lex;Abstrait & concepts;heuristique_fr;Abstrait & concepts;heuristique_fr
NOMS_NL_357;l'éducation / (pas de pluriel);de opvoeding;4.09;Prioritaire;Courant;A2;nt2lex;Abstrait & concepts;heuristique_fr;Abstrait & concepts;heuristique_fr
NOMS_NL_358;la succession / le suivi / (pas de pluriel);de opvolging;3.72;Standard;Courant;C1;freq_estime;Abstrait & concepts;heuristique_fr;Abstrait & concepts;heuristique_fr
NOMS_NL_359;l'ordre / (pas de pluriel);de orde;5.27;Prioritaire;Essentiel;B1;nt2lex;Abstrait & concepts;heuristique_fr;Abstrait & concepts;heuristique_fr
NOMS_NL_360;l'organisation / les organisations;de organisatie;5.2;Prioritaire;Essentiel;A1;nt2lex;Abstrait & concepts;heuristique_fr;Abstrait & concepts;heuristique_fr
NOMS_NL_361;le parent / les parents;de ouder;4.7;Prioritaire;Courant;A1;nt2lex;Personnes;heuristique_fr;Personnes;heuristique_fr
NOMS_NL_362;l'autorité (publique) / les autorités;de overheid;5.05;Prioritaire;Essentiel;A2;nt2lex;Abstrait & concepts;heuristique_fr;Abstrait & concepts;heuristique_fr
NOMS_NL_363;la conviction / les convictions;de overtuiging;4.02;Prioritaire;Courant;B1;nt2lex;Abstrait & concepts;heuristique_fr;Abstrait & concepts;heuristique_fr
NOMS_NL_364;la concertation / (pas de pluriel);het overleg;4.4;Prioritaire;Courant;A2;nt2lex;Abstrait & concepts;heuristique_fr;Abstrait & concepts;heuristique_fr
NOMS_NL_365;le papa / les papas;de pa;4.39;Standard;Courant;A2;nt2lex;Personnes;heuristique_fr;Personnes;heuristique_fr
NOMS_NL_366;la paire (le couple) / les paires;het paar;5.61;Prioritaire;Essentiel;A1;nt2lex;Personnes;heuristique_fr;Personnes;heuristique_fr
NOMS_NL_367;le cheval / les chevaux;het paard;4.66;Standard;Courant;A2;nt2lex;Animaux;heuristique_fr;Animaux;heuristique_fr
NOMS_NL_368;la page / les pages;de pagina;5.04;Standard;Essentiel;B1;nt2lex;Abstrait & concepts;heuristique_fr;Abstrait & concepts;heuristique_fr
NOMS_NL_369;le paquet / les paquets;het pakket;4.36;Standard;Courant;A2;nt2lex;Abstrait & concepts;heuristique_fr;Abstrait & concepts;heuristique_fr
NOMS_NL_370;le palais / les palais;het paleis;4.47;Standard;Courant;A2;nt2lex;Abstrait & concepts;heuristique_fr;Abstrait & concepts;heuristique_fr
NOMS_NL_371;le papier / les papiers;het papier;4.51;Prioritaire;Courant;A2;nt2lex;Vêtements & objets;heuristique_fr;Vêtements & objets;heuristique_fr
NOMS_NL_372;le parti / la partie (match) / les parties;de partij;5.32;Prioritaire;Essentiel;A2;nt2lex;Société;heuristique_fr;Société;heuristique_fr
NOMS_NL_373;le partenaire / les partenaires;de partner;4.75;Prioritaire;Courant;B1;nt2lex;Personnes;heuristique_fr;Personnes;heuristique_fr
NOMS_NL_374;le pas / le passeport / les pas;de pas;5.45;Prioritaire;Essentiel;A2;nt2lex;Abstrait & concepts;heuristique_fr;Abstrait & concepts;heuristique_fr
NOMS_NL_375;le patient / les patients;de patiënt;4.51;Standard;Courant;A2;nt2lex;Corps & santé;heuristique_fr;Corps & santé;heuristique_fr
NOMS_NL_376;la pause / les pauses;de pauze;4.34;Standard;Courant;A1;nt2lex;Abstrait & concepts;heuristique_fr;Abstrait & concepts;heuristique_fr
NOMS_NL_377;la poire / les poires;de peer;3.85;Standard;Courant;A2;nt2lex;Alimentation;heuristique_fr;Alimentation;heuristique_fr
NOMS_NL_378;la plume (stylo) / les plumes;de pen;4.35;Standard;Courant;A2;nt2lex;Vêtements & objets;heuristique_fr;Vêtements & objets;heuristique_fr
NOMS_NL_379;la période / les périodes;de periode;5.08;Prioritaire;Essentiel;A2;nt2lex;Temps;heuristique_fr;Temps;heuristique_fr
NOMS_NL_380;la personne / les personnes;de persoon;5.22;Prioritaire;Essentiel;A1;nt2lex;Personnes;heuristique_fr;Personnes;heuristique_fr
NOMS_NL_381;la casquette / les casquettes;de pet;4.07;Standard;Courant;A2;nt2lex;Vêtements & objets;heuristique_fr;Vêtements & objets;heuristique_fr
NOMS_NL_382;la douleur / les douleurs;de pijn;5.1;Prioritaire;Essentiel;A2;nt2lex;Corps & santé;heuristique_fr;Corps & santé;heuristique_fr
NOMS_NL_383;la place (le lieu) / les places;de plaats;5.74;Prioritaire;Essentiel;A2;nt2lex;Lieux;heuristique_fr;Lieux;heuristique_fr
NOMS_NL_384;le plan / les plans;het plan;5.18;Prioritaire;Essentiel;A1;nt2lex;Abstrait & concepts;heuristique_fr;Abstrait & concepts;heuristique_fr
NOMS_NL_385;la plante / les plantes;de plant;4.43;Standard;Courant;A1;nt2lex;Abstrait & concepts;heuristique_fr;Abstrait & concepts;heuristique_fr
NOMS_NL_386;la plaque / le disque / les plaques;de plaat;4.44;Standard;Courant;A2;nt2lex;Vêtements & objets;heuristique_fr;Vêtements & objets;heuristique_fr
NOMS_NL_387;le plaisir / (pas de pluriel);het plezier;5.01;Prioritaire;Essentiel;A1;nt2lex;Émotions & sentiments;heuristique_fr;Émotions & sentiments;heuristique_fr
NOMS_NL_388;l'équipe / les équipes;de ploeg;4.55;Prioritaire;Courant;A2;nt2lex;Abstrait & concepts;heuristique_fr;Abstrait & concepts;heuristique_fr
NOMS_NL_389;la police / (pas de pluriel);de politie;5.53;Prioritaire;Essentiel;A2;nt2lex;Société;heuristique_fr;Société;heuristique_fr
NOMS_NL_390;la politique / (pas de pluriel);de politiek;5.17;Prioritaire;Essentiel;A2;nt2lex;Société;heuristique_fr;Société;heuristique_fr
NOMS_NL_391;le portail / la porte / les portes;de poort;4.46;Standard;Courant;A2;nt2lex;Maison;heuristique_fr;Maison;heuristique_fr
NOMS_NL_392;la patte / les pattes;de poot;3.75;Standard;Courant;A2;nt2lex;Abstrait & concepts;heuristique_fr;Abstrait & concepts;heuristique_fr
NOMS_NL_393;la poste / le courrier / (pas de pluriel);de post;4.93;Prioritaire;Courant;A1;nt2lex;Travail-études;heuristique_fr;Travail-études;heuristique_fr
NOMS_NL_394;le pot / les pots;de pot;4.38;Standard;Courant;A2;nt2lex;Abstrait & concepts;heuristique_fr;Abstrait & concepts;heuristique_fr
NOMS_NL_395;la pratique / les pratiques;de praktijk;4.56;Prioritaire;Courant;A2;nt2lex;Abstrait & concepts;heuristique_fr;Abstrait & concepts;heuristique_fr
NOMS_NL_396;le prix / les prix;de prijs;5.28;Prioritaire;Essentiel;A1;nt2lex;Abstrait & concepts;heuristique_fr;Abstrait & concepts;heuristique_fr
NOMS_NL_397;le principe / les principes;het principe;4.46;Prioritaire;Courant;B1;nt2lex;Abstrait & concepts;heuristique_fr;Abstrait & concepts;heuristique_fr
NOMS_NL_398;le problème / les problèmes;het probleem;5.44;Prioritaire;Essentiel;A1;nt2lex;Abstrait & concepts;heuristique_fr;Abstrait & concepts;heuristique_fr
NOMS_NL_399;le procès / le processus / les processus;het proces;4.87;Prioritaire;Courant;A2;nt2lex;Abstrait & concepts;heuristique_fr;Abstrait & concepts;heuristique_fr
NOMS_NL_400;le produit / les produits;het product;4.64;Prioritaire;Courant;A1;nt2lex;Abstrait & concepts;heuristique_fr;Abstrait & concepts;heuristique_fr
NOMS_NL_401;la production / (pas de pluriel);de productie;4.75;Prioritaire;Courant;B1;nt2lex;Abstrait & concepts;heuristique_fr;Abstrait & concepts;heuristique_fr
NOMS_NL_402;le programme / les programmes;het programma;5.28;Prioritaire;Essentiel;A2;nt2lex;Abstrait & concepts;heuristique_fr;Abstrait & concepts;heuristique_fr
NOMS_NL_403;le projet / les projets;het project;5.17;Prioritaire;Essentiel;A2;nt2lex;Travail-études;heuristique_fr;Travail-études;heuristique_fr
NOMS_NL_404;la province / les provinces;de provincie;5.2;Prioritaire;Essentiel;B1;nt2lex;Lieux;heuristique_fr;Lieux;heuristique_fr
NOMS_NL_405;le public / (pas de pluriel);het publiek;4.99;Prioritaire;Courant;A2;nt2lex;Abstrait & concepts;heuristique_fr;Abstrait & concepts;heuristique_fr
NOMS_NL_406;le point / les points;het punt;5.1;Prioritaire;Essentiel;A2;nt2lex;Abstrait & concepts;heuristique_fr;Abstrait & concepts;heuristique_fr
NOMS_NL_407;le conseil / les conseils;de raad;5.06;Prioritaire;Essentiel;A2;nt2lex;Abstrait & concepts;heuristique_fr;Abstrait & concepts;heuristique_fr
NOMS_NL_408;la radio / les radios;de radio;5.02;Prioritaire;Essentiel;B1;nt2lex;Vêtements & objets;heuristique_fr;Vêtements & objets;heuristique_fr
NOMS_NL_409;le bord / la marge / les bords;de rand;4.53;Prioritaire;Courant;B1;nt2lex;Abstrait & concepts;heuristique_fr;Abstrait & concepts;heuristique_fr
NOMS_NL_410;la fenêtre / les fenêtres;het raam;4.5;Prioritaire;Courant;A1;nt2lex;Maison;heuristique_fr;Maison;heuristique_fr
NOMS_NL_411;la réaction / les réactions;de reactie;5.04;Prioritaire;Essentiel;B1;nt2lex;Abstrait & concepts;heuristique_fr;Abstrait & concepts;heuristique_fr
NOMS_NL_412;le droit / les droits;het recht;5.29;Prioritaire;Essentiel;A2;nt2lex;Société;heuristique_fr;Société;heuristique_fr
NOMS_NL_413;la publicité / les publicités;de reclame;4.49;Prioritaire;Courant;A2;nt2lex;Abstrait & concepts;heuristique_fr;Abstrait & concepts;heuristique_fr
NOMS_NL_414;la raison / les raisons;de reden;5.26;Prioritaire;Essentiel;A2;nt2lex;Abstrait & concepts;heuristique_fr;Abstrait & concepts;heuristique_fr
NOMS_NL_415;la règle / les règles;de regel;4.55;Prioritaire;Courant;A2;nt2lex;Abstrait & concepts;heuristique_fr;Abstrait & concepts;heuristique_fr
NOMS_NL_416;le gouvernement / les gouvernements;de regering;5.09;Prioritaire;Essentiel;B1;nt2lex;Société;heuristique_fr;Société;heuristique_fr
NOMS_NL_417;la région / les régions;de regio;5.41;Prioritaire;Essentiel;A2;nt2lex;Lieux;heuristique_fr;Lieux;heuristique_fr
NOMS_NL_418;le voyage / les voyages;de reis;5.06;Prioritaire;Essentiel;A1;nt2lex;Transport;heuristique_fr;Transport;heuristique_fr
NOMS_NL_419;la facture / le compte / les comptes;de rekening;4.79;Prioritaire;Courant;A2;nt2lex;Abstrait & concepts;heuristique_fr;Abstrait & concepts;heuristique_fr
NOMS_NL_420;la relation / les relations;de relatie;5.05;Prioritaire;Essentiel;A1;nt2lex;Abstrait & concepts;heuristique_fr;Abstrait & concepts;heuristique_fr
NOMS_NL_421;l'intérêt (argent) / (pas de pluriel);de rente;4.11;Standard;Courant;C1;freq_estime;Abstrait & concepts;heuristique_fr;Abstrait & concepts;heuristique_fr
NOMS_NL_422;le restaurant / les restaurants;het restaurant;4.69;Prioritaire;Courant;A1;nt2lex;Alimentation;heuristique_fr;Alimentation;heuristique_fr
NOMS_NL_423;le résultat / les résultats;het resultaat;4.88;Prioritaire;Courant;A2;nt2lex;Abstrait & concepts;heuristique_fr;Abstrait & concepts;heuristique_fr
NOMS_NL_424;la direction (sens) / les directions;de richting;5.08;Prioritaire;Essentiel;A2;nt2lex;Abstrait & concepts;heuristique_fr;Abstrait & concepts;heuristique_fr
NOMS_NL_425;le chevalier / les chevaliers;de ridder;4.03;Standard;Courant;A2;nt2lex;Personnes;heuristique_fr;Personnes;heuristique_fr
NOMS_NL_426;la richesse / les richesses;de rijkdom;4.06;Prioritaire;Courant;A2;nt2lex;Abstrait & concepts;heuristique_fr;Abstrait & concepts;heuristique_fr
NOMS_NL_427;la file / la rangée / les rangées;de rij;4.91;Prioritaire;Courant;A2;nt2lex;Abstrait & concepts;heuristique_fr;Abstrait & concepts;heuristique_fr
NOMS_NL_428;la bague / l'anneau / les anneaux;de ring;4.61;Standard;Courant;A2;nt2lex;Vêtements & objets;heuristique_fr;Vêtements & objets;heuristique_fr
NOMS_NL_429;le risque / les risques;het risico;4.82;Prioritaire;Courant;A2;nt2lex;Abstrait & concepts;heuristique_fr;Abstrait & concepts;heuristique_fr
NOMS_NL_430;le trajet (course) / les trajets;de rit;4.36;Standard;Courant;A2;nt2lex;Transport;heuristique_fr;Transport;heuristique_fr
NOMS_NL_431;la rivière / les rivières;de rivier;4.84;Standard;Courant;A2;nt2lex;Lieux;heuristique_fr;Lieux;heuristique_fr
NOMS_NL_432;la jupe / les jupes;de rok;3.9;Standard;Courant;A2;nt2lex;Vêtements & objets;heuristique_fr;Vêtements & objets;heuristique_fr
NOMS_NL_433;le rôle / les rôles;de rol;5.22;Prioritaire;Essentiel;A2;nt2lex;Abstrait & concepts;heuristique_fr;Abstrait & concepts;heuristique_fr
NOMS_NL_434;le roman / les romans;de roman;4.42;Standard;Courant;B1;nt2lex;Abstrait & concepts;heuristique_fr;Abstrait & concepts;heuristique_fr
NOMS_NL_435;la dispute / les disputes;de ruzie;4.58;Standard;Courant;A2;nt2lex;Abstrait & concepts;heuristique_fr;Abstrait & concepts;heuristique_fr
NOMS_NL_436;le repos / (pas de pluriel);de rust;5.05;Prioritaire;Essentiel;A2;nt2lex;Abstrait & concepts;heuristique_fr;Abstrait & concepts;heuristique_fr
NOMS_NL_437;l'espace / la pièce / les espaces;de ruimte;5.04;Prioritaire;Essentiel;A1;nt2lex;Abstrait & concepts;heuristique_fr;Abstrait & concepts;heuristique_fr
NOMS_NL_438;le dos / les dos;de rug;4.86;Prioritaire;Courant;A2;nt2lex;Corps & santé;heuristique_fr;Corps & santé;heuristique_fr
NOMS_NL_439;la langue / les langues;de taal;5.03;Prioritaire;Essentiel;A1;nt2lex;Abstrait & concepts;heuristique_fr;Abstrait & concepts;heuristique_fr
NOMS_NL_440;la table / les tables;de tafel;4.83;Prioritaire;Courant;A1;nt2lex;Maison;heuristique_fr;Maison;heuristique_fr
NOMS_NL_441;la dent / les dents;de tand;3.95;Standard;Courant;A1;nt2lex;Corps & santé;heuristique_fr;Corps & santé;heuristique_fr
NOMS_NL_442;le sac / la tasse / les sacs;de tas;4.62;Standard;Courant;A2;nt2lex;Vêtements & objets;heuristique_fr;Vêtements & objets;heuristique_fr
NOMS_NL_443;l'opposition / le contraste / les oppositions;tegenstelling;4.49;Prioritaire;Courant;B1;nt2lex;Abstrait & concepts;heuristique_fr;Abstrait & concepts;heuristique_fr
NOMS_NL_444;le manque / le déficit / les manques;het tekort;4.45;Prioritaire;Courant;B1;nt2lex;Abstrait & concepts;heuristique_fr;Abstrait & concepts;heuristique_fr
NOMS_NL_445;le texte / les textes;de tekst;5.05;Prioritaire;Essentiel;A2;nt2lex;Abstrait & concepts;heuristique_fr;Abstrait & concepts;heuristique_fr
NOMS_NL_446;le téléphone / les téléphones;de telefoon;5.14;Prioritaire;Essentiel;A1;nt2lex;Vêtements & objets;heuristique_fr;Vêtements & objets;heuristique_fr
NOMS_NL_447;la télévision / les télévisions;de televisie;4.72;Prioritaire;Courant;A1;nt2lex;Vêtements & objets;heuristique_fr;Vêtements & objets;heuristique_fr
NOMS_NL_448;le tempo / le rythme / les tempos;het tempo;4.31;Prioritaire;Courant;A2;nt2lex;Abstrait & concepts;heuristique_fr;Abstrait & concepts;heuristique_fr
NOMS_NL_449;la tente / les tentes;de tent;4.34;Standard;Courant;A1;nt2lex;Abstrait & concepts;heuristique_fr;Abstrait & concepts;heuristique_fr
NOMS_NL_450;le terme / les termes;de term;4.57;Prioritaire;Courant;B1;nt2lex;Abstrait & concepts;heuristique_fr;Abstrait & concepts;heuristique_fr
NOMS_NL_451;le terrain / les terrains;het terrein;4.61;Prioritaire;Courant;B1;nt2lex;Lieux;heuristique_fr;Lieux;heuristique_fr
NOMS_NL_452;le retour / (pas de pluriel);de terugkeer;4.43;Prioritaire;Courant;B1;nt2lex;Abstrait & concepts;heuristique_fr;Abstrait & concepts;heuristique_fr
NOMS_NL_453;le thème / les thèmes;het thema;4.64;Prioritaire;Courant;A2;nt2lex;Abstrait & concepts;heuristique_fr;Abstrait & concepts;heuristique_fr
NOMS_NL_454;le foyer / le chez-soi / (pas de pluriel);de thuis;5.48;Prioritaire;Essentiel;B1;nt2lex;Abstrait & concepts;heuristique_fr;Abstrait & concepts;heuristique_fr
NOMS_NL_455;le temps / les temps;de tijd;5.96;Prioritaire;Essentiel;A2;nt2lex;Abstrait & concepts;heuristique_fr;Abstrait & concepts;heuristique_fr
NOMS_NL_456;l'avenir / (pas de pluriel);de toekomst;5.21;Prioritaire;Essentiel;A2;nt2lex;Temps;heuristique_fr;Temps;heuristique_fr
NOMS_NL_457;l'augmentation / les augmentations;de toename;4.19;Prioritaire;Courant;B1;nt2lex;Abstrait & concepts;heuristique_fr;Abstrait & concepts;heuristique_fr
NOMS_NL_458;l'accès / les accès;de toegang;4.91;Prioritaire;Courant;A2;nt2lex;Abstrait & concepts;heuristique_fr;Abstrait & concepts;heuristique_fr
NOMS_NL_459;l'état (situation) / les états;de toestand;4.43;Prioritaire;Courant;A2;nt2lex;Lieux;heuristique_fr;Lieux;heuristique_fr
NOMS_NL_460;la touche / le test / les touches;de toets;4.18;Standard;Courant;A2;nt2lex;Abstrait & concepts;heuristique_fr;Abstrait & concepts;heuristique_fr
NOMS_NL_461;le hasard / (pas de pluriel);de toeval;4.33;Prioritaire;Courant;A2;nt2lex;Abstrait & concepts;heuristique_fr;Abstrait & concepts;heuristique_fr
NOMS_NL_462;la tonne / le tonneau / les tonnes;de ton;4.68;Standard;Courant;A2;nt2lex;Abstrait & concepts;heuristique_fr;Abstrait & concepts;heuristique_fr
NOMS_NL_463;la scène (théâtre) / les scènes;het toneel;4.08;Prioritaire;Courant;B1;nt2lex;Abstrait & concepts;heuristique_fr;Abstrait & concepts;heuristique_fr
NOMS_NL_464;le sommet / les sommets;de top;5.32;Prioritaire;Essentiel;A2;nt2lex;Abstrait & concepts;heuristique_fr;Abstrait & concepts;heuristique_fr
NOMS_NL_465;le total / les totaux;de totaal;5.12;Prioritaire;Essentiel;A2;nt2lex;Abstrait & concepts;heuristique_fr;Abstrait & concepts;heuristique_fr
NOMS_NL_466;la tour / les tours;de toren;4.33;Standard;Courant;A2;nt2lex;Abstrait & concepts;heuristique_fr;Abstrait & concepts;heuristique_fr
NOMS_NL_467;la tradition / les traditions;de traditie;4.51;Prioritaire;Courant;A2;nt2lex;Société;heuristique_fr;Société;heuristique_fr
NOMS_NL_468;le train / les trains;de trein;4.86;Prioritaire;Courant;A1;nt2lex;Transport;heuristique_fr;Transport;heuristique_fr
NOMS_NL_469;l'escalier / les escaliers;de trap;4.63;Standard;Courant;A2;nt2lex;Maison;heuristique_fr;Maison;heuristique_fr
NOMS_NL_470;le pull / les pulls;de trui;4.12;Standard;Courant;A1;nt2lex;Vêtements & objets;heuristique_fr;Vêtements & objets;heuristique_fr
NOMS_NL_471;le jardin / les jardins;de tuin;4.76;Prioritaire;Courant;A1;nt2lex;Maison;heuristique_fr;Maison;heuristique_fr
NOMS_NL_472;l'intervention / les interventions;tussenkomst;3.59;Prioritaire;Courant;C1;freq_estime;Abstrait & concepts;heuristique_fr;Abstrait & concepts;heuristique_fr
NOMS_NL_473;le doute / les doutes;de twijfel;4.69;Prioritaire;Courant;A2;nt2lex;Émotions & sentiments;heuristique_fr;Émotions & sentiments;heuristique_fr
NOMS_NL_474;le type / les types;het type;4.86;Prioritaire;Courant;B1;nt2lex;Abstrait & concepts;heuristique_fr;Abstrait & concepts;heuristique_fr
NOMS_NL_475;le défi / les défis;de uitdaging;4.59;Prioritaire;Courant;B1;nt2lex;Abstrait & concepts;heuristique_fr;Abstrait & concepts;heuristique_fr
NOMS_NL_476;l'édition / la dépense / les éditions;de uitgave;4.27;Prioritaire;Courant;B1;nt2lex;Abstrait & concepts;heuristique_fr;Abstrait & concepts;heuristique_fr
NOMS_NL_477;l'explication / (pas de pluriel);de uitleg;4.52;Prioritaire;Courant;A2;nt2lex;Abstrait & concepts;heuristique_fr;Abstrait & concepts;heuristique_fr
NOMS_NL_478;le résultat / l'issue / les issues;de uitkomst;4.09;Prioritaire;Courant;B2;nt2lex;Abstrait & concepts;heuristique_fr;Abstrait & concepts;heuristique_fr
NOMS_NL_479;l'exception / les exceptions;de uitzondering;4.53;Prioritaire;Courant;B1;nt2lex;Abstrait & concepts;heuristique_fr;Abstrait & concepts;heuristique_fr
NOMS_NL_480;la prononciation / les prononciations;de uitspraak;4.7;Prioritaire;Courant;A2;nt2lex;Abstrait & concepts;heuristique_fr;Abstrait & concepts;heuristique_fr
NOMS_NL_481;le résultat (examen/match) / les résultats;de uitslag;4.59;Prioritaire;Courant;B1;nt2lex;Travail-études;heuristique_fr;Travail-études;heuristique_fr
NOMS_NL_482;l'heure / les heures;het uur;5.82;Prioritaire;Essentiel;A1;nt2lex;Temps;heuristique_fr;Temps;heuristique_fr
NOMS_NL_483;le père / les pères;de vader;5.43;Prioritaire;Essentiel;A1;nt2lex;Personnes;heuristique_fr;Personnes;heuristique_fr
NOMS_NL_484;la branche (matière) / le métier / les vakken;het vak;4.48;Prioritaire;Courant;A1;nt2lex;Travail-études;heuristique_fr;Travail-études;heuristique_fr
NOMS_NL_485;les vacances / (souvent pluriel);de vakantie;4.96;Prioritaire;Courant;A1;nt2lex;Temps;heuristique_fr;Temps;heuristique_fr
NOMS_NL_486;le porc / les porcs;het varken;3.78;Standard;Courant;A2;nt2lex;Animaux;heuristique_fr;Animaux;heuristique_fr
NOMS_NL_487;la constatation / les constatations;de vaststelling;3.35;Prioritaire;Spécialisé;B1;nt2lex;Abstrait & concepts;heuristique_fr;Abstrait & concepts;heuristique_fr
NOMS_NL_488;le bétail / (pas de pluriel);de vee;4.07;Prioritaire;Courant;B1;nt2lex;Animaux;heuristique_fr;Animaux;heuristique_fr
NOMS_NL_489;le champ / les champs;het veld;4.75;Prioritaire;Courant;A2;nt2lex;Abstrait & concepts;heuristique_fr;Abstrait & concepts;heuristique_fr
NOMS_NL_490;la fenêtre / les fenêtres;het venster;3.65;Standard;Courant;B1;nt2lex;Maison;heuristique_fr;Maison;heuristique_fr
NOMS_NL_491;le changement / les changements;de verandering;4.66;Prioritaire;Courant;A2;nt2lex;Abstrait & concepts;heuristique_fr;Abstrait & concepts;heuristique_fr
NOMS_NL_492;le lien / le pansement / les liens;het verband;4.89;Prioritaire;Courant;A2;nt2lex;Abstrait & concepts;heuristique_fr;Abstrait & concepts;heuristique_fr
NOMS_NL_493;l'amélioration / les améliorations;de verbetering;4.38;Prioritaire;Courant;B2;nt2lex;Abstrait & concepts;heuristique_fr;Abstrait & concepts;heuristique_fr
NOMS_NL_494;la consommation / (pas de pluriel);het verbruik;3.66;Prioritaire;Courant;B1;nt2lex;Abstrait & concepts;heuristique_fr;Abstrait & concepts;heuristique_fr
NOMS_NL_495;la tristesse / (pas de pluriel);het verdriet;4.41;Prioritaire;Courant;A2;nt2lex;Émotions & sentiments;heuristique_fr;Émotions & sentiments;heuristique_fr
NOMS_NL_496;l'association / les associations;de vereniging;4.82;Prioritaire;Courant;B1;nt2lex;Abstrait & concepts;heuristique_fr;Abstrait & concepts;heuristique_fr
NOMS_NL_497;la comparaison / les comparaisons;de vergelijking;4.57;Prioritaire;Courant;B1;nt2lex;Abstrait & concepts;heuristique_fr;Abstrait & concepts;heuristique_fr
NOMS_NL_498;l'histoire (récit) / les histoires;het verhaal;5.4;Prioritaire;Essentiel;A2;nt2lex;Société;heuristique_fr;Société;heuristique_fr
NOMS_NL_499;l'augmentation (hausse) / les augmentations;de verhoging;4.09;Prioritaire;Courant;A2;nt2lex;Abstrait & concepts;heuristique_fr;Abstrait & concepts;heuristique_fr
NOMS_NL_500;le rapport (relation) / les rapports;de verhouding;4.29;Prioritaire;Courant;B1;nt2lex;Travail-études;heuristique_fr;Travail-études;heuristique_fr
NOMS_NL_501;la vente / les ventes;de verkoop;4.69;Prioritaire;Courant;A2;nt2lex;Abstrait & concepts;heuristique_fr;Abstrait & concepts;heuristique_fr
NOMS_NL_502;le trafic (circulation) / (pas de pluriel);het verkeer;4.71;Prioritaire;Courant;A2;nt2lex;Abstrait & concepts;heuristique_fr;Abstrait & concepts;heuristique_fr
NOMS_NL_503;la déclaration / les déclarations;de verklaring;4.74;Prioritaire;Courant;B1;nt2lex;Abstrait & concepts;heuristique_fr;Abstrait & concepts;heuristique_fr
NOMS_NL_504;la perte / les pertes;het verlies;4.75;Prioritaire;Courant;A2;nt2lex;Abstrait & concepts;heuristique_fr;Abstrait & concepts;heuristique_fr
NOMS_NL_505;le désir / les désirs;het verlangen;4.22;Standard;Courant;A2;nt2lex;Émotions & sentiments;heuristique_fr;Émotions & sentiments;heuristique_fr
NOMS_NL_506;le rapport (compte-rendu) / les rapports;het verslag;4.67;Prioritaire;Courant;A2;nt2lex;Travail-études;heuristique_fr;Travail-études;heuristique_fr
NOMS_NL_507;l'intelligence / (pas de pluriel);het verstand;4.43;Prioritaire;Courant;A2;nt2lex;Abstrait & concepts;heuristique_fr;Abstrait & concepts;heuristique_fr
NOMS_NL_508;la confiance / (pas de pluriel);het vertrouwen;5.06;Prioritaire;Essentiel;A2;nt2lex;Émotions & sentiments;heuristique_fr;Émotions & sentiments;heuristique_fr
NOMS_NL_509;l'attente / les attentes;de verwachting;4.39;Prioritaire;Courant;A2;nt2lex;Abstrait & concepts;heuristique_fr;Abstrait & concepts;heuristique_fr
NOMS_NL_510;le soin / les soins;de verzorging;3.86;Prioritaire;Courant;B1;nt2lex;Abstrait & concepts;heuristique_fr;Abstrait & concepts;heuristique_fr
NOMS_NL_511;la filiale / l'établissement / les filiales;de vestiging;4.18;Prioritaire;Courant;B1;nt2lex;Abstrait & concepts;heuristique_fr;Abstrait & concepts;heuristique_fr
NOMS_NL_512;la célébration / les célébrations;de viering;3.94;Standard;Courant;B2;nt2lex;Abstrait & concepts;heuristique_fr;Abstrait & concepts;heuristique_fr
NOMS_NL_513;l'ennemi / les ennemis;de vijand;4.41;Prioritaire;Courant;A2;nt2lex;Personnes;heuristique_fr;Personnes;heuristique_fr
NOMS_NL_514;le doigt / les doigts;de vinger;4.34;Prioritaire;Courant;A2;nt2lex;Corps & santé;heuristique_fr;Corps & santé;heuristique_fr
NOMS_NL_515;le poisson / les poissons;de vis;4.66;Prioritaire;Courant;A2;nt2lex;Alimentation;heuristique_fr;Alimentation;heuristique_fr
NOMS_NL_516;la vision / les visions;de visie;4.52;Prioritaire;Courant;B1;nt2lex;Abstrait & concepts;heuristique_fr;Abstrait & concepts;heuristique_fr
NOMS_NL_517;le plan / la surface / les surfaces;het vlak;4.92;Prioritaire;Courant;B1;nt2lex;Abstrait & concepts;heuristique_fr;Abstrait & concepts;heuristique_fr
NOMS_NL_518;le drapeau / les drapeaux;de vlag;4.74;Standard;Courant;A2;nt2lex;Vêtements & objets;heuristique_fr;Vêtements & objets;heuristique_fr
NOMS_NL_519;la flamme / les flammes;de vlam;3.92;Standard;Courant;A2;nt2lex;Abstrait & concepts;heuristique_fr;Abstrait & concepts;heuristique_fr
NOMS_NL_520;la viande / (pas de pluriel);de vlees;4.77;Prioritaire;Courant;A1;nt2lex;Alimentation;heuristique_fr;Alimentation;heuristique_fr
NOMS_NL_521;la mouche / les mouches;de vlieg;4.1;Standard;Courant;A2;nt2lex;Animaux;heuristique_fr;Animaux;heuristique_fr
NOMS_NL_522;le sol (plancher) / les sols;de vloer;4.42;Prioritaire;Courant;A1;nt2lex;Maison;heuristique_fr;Maison;heuristique_fr
NOMS_NL_523;le vol (avion/fuite) / les vols;de vlucht;4.81;Prioritaire;Courant;A2;nt2lex;Transport;heuristique_fr;Transport;heuristique_fr
NOMS_NL_524;l'alimentation / (pas de pluriel);de voeding;4.2;Prioritaire;Courant;A2;nt2lex;Abstrait & concepts;heuristique_fr;Abstrait & concepts;heuristique_fr
NOMS_NL_525;le pied / les pieds;de voet;4.74;Prioritaire;Courant;A1;nt2lex;Corps & santé;heuristique_fr;Corps & santé;heuristique_fr
NOMS_NL_526;le véhicule / les véhicules;het voertuig;4.33;Standard;Courant;B1;nt2lex;Transport;heuristique_fr;Transport;heuristique_fr
NOMS_NL_527;l'oiseau / les oiseaux;de vogel;4.5;Prioritaire;Courant;A2;nt2lex;Animaux;heuristique_fr;Animaux;heuristique_fr
NOMS_NL_528;l'exemple / les exemples;het voorbeeld;5.03;Prioritaire;Essentiel;A1;nt2lex;Abstrait & concepts;heuristique_fr;Abstrait & concepts;heuristique_fr
NOMS_NL_529;le stock / les stocks;de voorraad;4.28;Prioritaire;Courant;A2;nt2lex;Abstrait & concepts;heuristique_fr;Abstrait & concepts;heuristique_fr
NOMS_NL_530;l'avantage / les avantages;de voordeel;4.59;Prioritaire;Courant;A2;nt2lex;Abstrait & concepts;heuristique_fr;Abstrait & concepts;heuristique_fr
NOMS_NL_531;la proposition / les propositions;het voorstel;4.64;Prioritaire;Courant;B1;nt2lex;Abstrait & concepts;heuristique_fr;Abstrait & concepts;heuristique_fr
NOMS_NL_532;la condition / les conditions;de voorwaarde;4.2;Prioritaire;Courant;A2;nt2lex;Abstrait & concepts;heuristique_fr;Abstrait & concepts;heuristique_fr
NOMS_NL_533;le président / les présidents;de voorzitter;4.86;Prioritaire;Courant;B1;nt2lex;Personnes;heuristique_fr;Personnes;heuristique_fr
NOMS_NL_534;la forme / les formes;de vorm;5.22;Prioritaire;Essentiel;A2;nt2lex;Abstrait & concepts;heuristique_fr;Abstrait & concepts;heuristique_fr
NOMS_NL_535;la question / les questions;de vraag;5.64;Prioritaire;Essentiel;A1;nt2lex;Abstrait & concepts;heuristique_fr;Abstrait & concepts;heuristique_fr
NOMS_NL_536;la paix / (pas de pluriel);de vrede;4.76;Prioritaire;Courant;A2;nt2lex;Société;heuristique_fr;Société;heuristique_fr
NOMS_NL_537;la joie / (pas de pluriel);de vreugde;4.12;Prioritaire;Courant;A2;nt2lex;Émotions & sentiments;heuristique_fr;Émotions & sentiments;heuristique_fr
NOMS_NL_538;l'ami / les amis;de vriend;5.12;Prioritaire;Essentiel;A1;nt2lex;Personnes;heuristique_fr;Personnes;heuristique_fr
NOMS_NL_539;l'amitié / les amitiés;de vriendschap;4.35;Prioritaire;Courant;A2;nt2lex;Émotions & sentiments;heuristique_fr;Émotions & sentiments;heuristique_fr
NOMS_NL_540;la liberté / les libertés;de vrijheid;4.87;Prioritaire;Courant;A2;nt2lex;Abstrait & concepts;heuristique_fr;Abstrait & concepts;heuristique_fr
NOMS_NL_541;la femme / les femmes;de vrouw;5.73;Prioritaire;Essentiel;A1;nt2lex;Personnes;heuristique_fr;Personnes;heuristique_fr
NOMS_NL_542;le fruit / les fruits;de vrucht;3.84;Prioritaire;Courant;A2;nt2lex;Alimentation;heuristique_fr;Alimentation;heuristique_fr
NOMS_NL_543;le poing / les poings;de vuist;3.8;Standard;Courant;A2;nt2lex;Corps & santé;heuristique_fr;Corps & santé;heuristique_fr
NOMS_NL_544;le feu / les feux;het vuur;4.81;Prioritaire;Courant;A2;nt2lex;Nature;heuristique_fr;Nature;heuristique_fr
NOMS_NL_545;la vérité / les vérités;de waarheid;4.96;Prioritaire;Courant;A2;nt2lex;Abstrait & concepts;heuristique_fr;Abstrait & concepts;heuristique_fr
NOMS_NL_546;la valeur / les valeurs;de waarde;4.86;Prioritaire;Courant;A2;nt2lex;Abstrait & concepts;heuristique_fr;Abstrait & concepts;heuristique_fr
NOMS_NL_547;la voiture (charriot) / les voitures;de wagen;4.47;Prioritaire;Courant;A2;nt2lex;Transport;heuristique_fr;Transport;heuristique_fr
NOMS_NL_548;la paroi / les parois;de wand;3.86;Standard;Courant;A2;nt2lex;Abstrait & concepts;heuristique_fr;Abstrait & concepts;heuristique_fr
NOMS_NL_549;la joue / les joues;de wang;4.21;Standard;Courant;A2;nt2lex;Corps & santé;heuristique_fr;Corps & santé;heuristique_fr
NOMS_NL_550;le désespoir / (pas de pluriel);de wanhoop;3.82;Standard;Courant;C1;freq_estime;Émotions & sentiments;heuristique_fr;Émotions & sentiments;heuristique_fr
NOMS_NL_551;l'eau / (pas de pluriel);de water;5.52;Prioritaire;Essentiel;A1;nt2lex;Alimentation;heuristique_fr;Alimentation;heuristique_fr
NOMS_NL_552;la semaine / les semaines;de week;5.58;Prioritaire;Essentiel;A1;nt2lex;Temps;heuristique_fr;Temps;heuristique_fr
NOMS_NL_553;le temps (météo) / (pas de pluriel);de weer;6.04;Prioritaire;Essentiel;A1;nt2lex;Abstrait & concepts;heuristique_fr;Abstrait & concepts;heuristique_fr
NOMS_NL_554;le chemin (la route) / les chemins;de weg;5.8;Prioritaire;Essentiel;A1;nt2lex;Lieux;heuristique_fr;Lieux;heuristique_fr
NOMS_NL_555;la prairie / les prairies;de weide;3.56;Standard;Courant;C1;freq_estime;Abstrait & concepts;heuristique_fr;Abstrait & concepts;heuristique_fr
NOMS_NL_556;le monde / les mondes;de wereld;5.63;Prioritaire;Essentiel;A2;nt2lex;Lieux;heuristique_fr;Lieux;heuristique_fr
NOMS_NL_557;l'employeur / les employeurs;de werkgever;4.33;Prioritaire;Courant;A2;nt2lex;Personnes;heuristique_fr;Personnes;heuristique_fr
NOMS_NL_558;l'employé / les employés;de werknemer;4.17;Prioritaire;Courant;A2;nt2lex;Personnes;heuristique_fr;Personnes;heuristique_fr
NOMS_NL_559;le travail / les travaux;het werk;5.77;Prioritaire;Essentiel;A1;nt2lex;Travail-études;heuristique_fr;Travail-études;heuristique_fr
NOMS_NL_560;la réalité / (pas de pluriel);de werkelijkheid;4.55;Prioritaire;Courant;A2;nt2lex;Abstrait & concepts;heuristique_fr;Abstrait & concepts;heuristique_fr
NOMS_NL_561;la loi / les lois;de wet;5.15;Prioritaire;Essentiel;A2;nt2lex;Société;heuristique_fr;Société;heuristique_fr
NOMS_NL_562;la science / les sciences;de wetenschap;4.62;Prioritaire;Courant;A2;nt2lex;Abstrait & concepts;heuristique_fr;Abstrait & concepts;heuristique_fr
NOMS_NL_563;l'être / l'orphelin / les êtres;de wezen;4.51;Standard;Courant;A2;nt2lex;Abstrait & concepts;heuristique_fr;Abstrait & concepts;heuristique_fr
NOMS_NL_564;le quartier / les quartiers;de wijk;4.89;Prioritaire;Courant;A2;nt2lex;Lieux;heuristique_fr;Lieux;heuristique_fr
NOMS_NL_565;le vin / les vins;de wijn;4.73;Standard;Courant;A1;nt2lex;Alimentation;heuristique_fr;Alimentation;heuristique_fr
NOMS_NL_566;la manière / l'air (musique) / les airs;de wijs;4.16;Standard;Courant;A2;nt2lex;Abstrait & concepts;heuristique_fr;Abstrait & concepts;heuristique_fr
NOMS_NL_567;la volonté / (pas de pluriel);de wil;6.17;Prioritaire;Essentiel;A1;nt2lex;Abstrait & concepts;heuristique_fr;Abstrait & concepts;heuristique_fr
NOMS_NL_568;le vent / les vents;de wind;4.78;Prioritaire;Courant;A2;nt2lex;Nature;heuristique_fr;Nature;heuristique_fr
NOMS_NL_569;le magasin / les magasins;de winkel;4.89;Prioritaire;Courant;A1;nt2lex;Lieux;heuristique_fr;Lieux;heuristique_fr
NOMS_NL_570;le bénéfice / les bénéfices;de winst;4.63;Prioritaire;Courant;A2;nt2lex;Abstrait & concepts;heuristique_fr;Abstrait & concepts;heuristique_fr
NOMS_NL_571;le nuage / les nuages;de wolk;3.78;Prioritaire;Courant;A2;nt2lex;Nature;heuristique_fr;Nature;heuristique_fr
NOMS_NL_572;le mot / les mots;het woord;5.22;Prioritaire;Essentiel;A2;nt2lex;Abstrait & concepts;heuristique_fr;Abstrait & concepts;heuristique_fr
NOMS_NL_573;le domicile / les domiciles;de woonplaats;4.34;Standard;Courant;A2;nt2lex;Abstrait & concepts;heuristique_fr;Abstrait & concepts;heuristique_fr
NOMS_NL_574;l'affaire (commerce) / les affaires;de zaak;5.26;Prioritaire;Essentiel;A2;nt2lex;Abstrait & concepts;heuristique_fr;Abstrait & concepts;heuristique_fr
NOMS_NL_575;le sac / la poche / les sacs;de zak;4.6;Prioritaire;Courant;A2;nt2lex;Vêtements & objets;heuristique_fr;Vêtements & objets;heuristique_fr
NOMS_NL_576;le sable / (pas de pluriel);de zand;4.45;Prioritaire;Courant;A2;nt2lex;Nature;heuristique_fr;Nature;heuristique_fr
NOMS_NL_577;la mer / les mers;de zee;5.08;Prioritaire;Essentiel;A1;nt2lex;Lieux;heuristique_fr;Lieux;heuristique_fr
NOMS_NL_578;la certitude / les certitudes;de zekerheid;4.4;Prioritaire;Courant;A2;nt2lex;Abstrait & concepts;heuristique_fr;Abstrait & concepts;heuristique_fr
NOMS_NL_579;l'émetteur (chaîne) / les émetteurs;de zender;4.38;Standard;Courant;B1;nt2lex;Abstrait & concepts;heuristique_fr;Abstrait & concepts;heuristique_fr
NOMS_NL_580;le nerf / les nerfs;de zenuw;3.22;Standard;Spécialisé;B1;nt2lex;Abstrait & concepts;heuristique_fr;Abstrait & concepts;heuristique_fr
NOMS_NL_581;le six / les six;de zes;5.23;Standard;Essentiel;B1;nt2lex;Abstrait & concepts;heuristique_fr;Abstrait & concepts;heuristique_fr
NOMS_NL_582;le siège (fauteuil) / les sièges;de zetel;4.12;Prioritaire;Courant;C1;nt2lex;Abstrait & concepts;heuristique_fr;Abstrait & concepts;heuristique_fr
NOMS_NL_583;l'âme / les âmes;de ziel;4.48;Standard;Courant;A2;nt2lex;Abstrait & concepts;heuristique_fr;Abstrait & concepts;heuristique_fr
NOMS_NL_584;le côté / la soie / les côtés;de zijde;4.44;Prioritaire;Courant;B1;nt2lex;Abstrait & concepts;heuristique_fr;Abstrait & concepts;heuristique_fr
NOMS_NL_585;la phrase / le sens / les phrases;de zin;5.17;Prioritaire;Essentiel;A1;nt2lex;Abstrait & concepts;heuristique_fr;Abstrait & concepts;heuristique_fr
NOMS_NL_586;la séance / les séances;de zitting;4.16;Standard;Courant;B1;nt2lex;Abstrait & concepts;heuristique_fr;Abstrait & concepts;heuristique_fr
NOMS_NL_587;la recherche / les recherches;de zoektocht;4.42;Standard;Courant;A2;nt2lex;Travail-études;heuristique_fr;Travail-études;heuristique_fr
NOMS_NL_588;l'été / les étés;de zomer;5.0;Prioritaire;Essentiel;A1;nt2lex;Temps;heuristique_fr;Temps;heuristique_fr
NOMS_NL_589;le soleil / les soleils;de zon;4.93;Prioritaire;Courant;A1;nt2lex;Nature;heuristique_fr;Nature;heuristique_fr
NOMS_NL_590;le fils / les fils;de zoon;5.37;Prioritaire;Essentiel;A1;nt2lex;Personnes;heuristique_fr;Personnes;heuristique_fr
NOMS_NL_591;le soin / le souci / les soucis;de zorg;5.36;Prioritaire;Essentiel;A2;nt2lex;Émotions & sentiments;heuristique_fr;Émotions & sentiments;heuristique_fr
NOMS_NL_592;la sœur (infirmière) / les sœurs;de zuster;4.21;Standard;Courant;A2;nt2lex;Personnes;heuristique_fr;Personnes;heuristique_fr
NOMS_NL_593;l'oxygène / (pas de pluriel);de zuurstof;4.12;Standard;Courant;B1;nt2lex;Abstrait & concepts;heuristique_fr;Abstrait & concepts;heuristique_fr
NOMS_NL_594;la pesanteur / la lourdeur / (pas de pluriel);de zwaarte;2.76;Standard;Spécialisé;C1;freq_estime;Abstrait & concepts;heuristique_fr;Abstrait & concepts;heuristique_fr
NOMS_NL_595;le beau-frère / les beaux-frères;de zwager;3.65;Standard;Courant;A2;nt2lex;Personnes;heuristique_fr;Personnes;heuristique_fr
NOMS_NL_596;le noir / (pas de pluriel);de zwart;5.0;Standard;Essentiel;A1;nt2lex;Abstrait & concepts;heuristique_fr;Abstrait & concepts;heuristique_fr
NOMS_NL_597;le fouet / les fouets;de zweep;3.28;Standard;Spécialisé;A2;nt2lex;Abstrait & concepts;heuristique_fr;Abstrait & concepts;heuristique_fr
NOMS_NL_598;le livre;het boek;5.35;Standard;Essentiel;A1;nt2lex;Vêtements & objets;manuel;Vêtements & objets;manuel
NOMS_NL_599;le chien;de hond;4.96;Standard;Courant;A1;nt2lex;Animaux;manuel;Animaux;manuel
NOMS_NL_600;l'école;de school;5.48;Standard;Essentiel;A1;nt2lex;Lieux;manuel;Lieux;manuel
NOMS_NL_601;le frère;de broer;5.08;Standard;Essentiel;A1;nt2lex;Personnes;manuel;Personnes;manuel
NOMS_NL_602;le chat;de kat;4.59;Standard;Courant;A1;nt2lex;Animaux;manuel;Animaux;manuel
NOMS_NL_603;la ville;de stad;5.68;Standard;Essentiel;A1;nt2lex;Lieux;manuel;Lieux;manuel
NOMS_NL_604;la fille;het meisje;5.37;Standard;Essentiel;A1;nt2lex;Personnes;manuel;Personnes;manuel
NOMS_NL_605;le garçon;de jongen;5.1;Standard;Essentiel;A1;nt2lex;Personnes;manuel;Personnes;manuel
NOMS_NL_606;la lettre;de brief;4.9;Standard;Courant;A1;nt2lex;Vêtements & objets;manuel;Vêtements & objets;manuel
NOMS_NL_607;la photo;de foto;5.61;Standard;Essentiel;A1;nt2lex;Vêtements & objets;manuel;Vêtements & objets;manuel
NOMS_NL_608;le professeur;de leraar;4.51;Standard;Courant;A1;nt2lex;Personnes;manuel;Personnes;manuel
NOMS_NL_609;la fleur;de bloem;4.23;Standard;Courant;A2;nt2lex;Nature;manuel;Nature;manuel
NOMS_NL_610;le bus;de bus;4.9;Standard;Courant;A1;nt2lex;Transport;manuel;Transport;manuel
NOMS_NL_611;la famille;de familie;5.56;Standard;Essentiel;A1;nt2lex;Personnes;manuel;Personnes;manuel
NOMS_NL_612;la capitale;de hoofdstad;4.83;Standard;Courant;A2;nt2lex;Lieux;manuel;Lieux;manuel
NOMS_NL_613;la sœur;de zus;4.8;Standard;Courant;A1;nt2lex;Personnes;manuel;Personnes;manuel
NOMS_NL_614;l'arbre;de boom;4.74;Standard;Courant;A2;nt2lex;Nature;manuel;Nature;manuel
NOMS_NL_615;l'étudiant;de student;4.52;Standard;Courant;A2;nt2lex;Personnes;manuel;Personnes;manuel
NOMS_NL_616;l'amie / la petite amie;de vriendin;5.06;Standard;Essentiel;A1;nt2lex;Personnes;manuel;Personnes;manuel
NOMS_NL_617;la pomme;de appel;4.13;Standard;Courant;A1;nt2lex;Alimentation;manuel;Alimentation;manuel
NOMS_NL_618;le pain;het brood;4.61;Standard;Courant;A1;nt2lex;Alimentation;manuel;Alimentation;manuel
NOMS_NL_619;la fête;het feest;4.96;Standard;Courant;A1;nt2lex;Société;manuel;Société;manuel
NOMS_NL_620;la faim;de honger;4.75;Standard;Courant;A1;nt2lex;Corps & santé;manuel;Corps & santé;manuel
NOMS_NL_621;le lait;de melk;4.42;Standard;Courant;A1;nt2lex;Alimentation;manuel;Alimentation;manuel
NOMS_NL_622;le dictionnaire;het woordenboek;3.78;Standard;Courant;A2;nt2lex;Vêtements & objets;manuel;Vêtements & objets;manuel
NOMS_NL_623;la rue;de straat;5.09;Standard;Essentiel;A1;nt2lex;Lieux;manuel;Lieux;manuel
NOMS_NL_624;la chaussure;de schoen;4.1;Standard;Courant;A1;nt2lex;Vêtements & objets;manuel;Vêtements & objets;manuel
NOMS_NL_625;la fille (de quelqu'un);de dochter;5.22;Standard;Essentiel;A1;nt2lex;Personnes;manuel;Personnes;manuel
NOMS_NL_626;la bière;het bier;4.68;Standard;Courant;A1;nt2lex;Alimentation;manuel;Alimentation;manuel
NOMS_NL_627;l'hôpital;het ziekenhuis;5.06;Standard;Essentiel;A1;nt2lex;Lieux;manuel;Lieux;manuel
NOMS_NL_628;le thé;de thee;4.7;Standard;Courant;A1;nt2lex;Alimentation;manuel;Alimentation;manuel
NOMS_NL_629;la sorte / l'espèce;de soort;5.43;Standard;Essentiel;A1;nt2lex;Abstrait & concepts;manuel;Abstrait & concepts;manuel
NOMS_NL_630;la cuisine;de keuken;4.66;Standard;Courant;A1;nt2lex;Maison;manuel;Maison;manuel
NOMS_NL_631;le regret;de spijt;4.73;Standard;Courant;A2;nt2lex;Émotions & sentiments;manuel;Émotions & sentiments;manuel
NOMS_NL_632;la clé;de sleutel;4.42;Standard;Courant;A2;nt2lex;Vêtements & objets;manuel;Vêtements & objets;manuel
NOMS_NL_633;la gare;het station;4.84;Standard;Courant;A1;nt2lex;Lieux;manuel;Lieux;manuel
NOMS_NL_634;le quartier;de buurt;5.21;Standard;Essentiel;A1;nt2lex;Lieux;manuel;Lieux;manuel
NOMS_NL_635;le morceau / la pièce;het stuk;5.24;Standard;Essentiel;A2;nt2lex;Abstrait & concepts;manuel;Abstrait & concepts;manuel
NOMS_NL_636;le parc;het park;4.98;Standard;Courant;A1;nt2lex;Lieux;manuel;Lieux;manuel
NOMS_NL_637;la télé;de tv;5.25;Standard;Essentiel;B1;nt2lex;Maison;manuel;Maison;manuel
NOMS_NL_638;l'accident / le malheur;het ongeluk;4.8;Standard;Courant;A2;nt2lex;Abstrait & concepts;manuel;Abstrait & concepts;manuel
NOMS_NL_639;le dollar;de dollar;4.8;Standard;Courant;A1;nt2lex;Société;manuel;Société;manuel
NOMS_NL_640;l'État / l'état;de staat;5.98;Standard;Essentiel;A2;nt2lex;Société;manuel;Société;manuel
NOMS_NL_641;la neige;de sneeuw;4.45;Standard;Courant;A1;nt2lex;Nature;manuel;Nature;manuel
NOMS_NL_642;le sommeil;de slaap;4.77;Standard;Courant;A1;nt2lex;Corps & santé;manuel;Corps & santé;manuel
NOMS_NL_643;les devoirs;het huiswerk;4.19;Standard;Courant;A2;nt2lex;Travail-études;manuel;Travail-études;manuel
NOMS_NL_644;la montagne;de berg;4.68;Standard;Courant;A2;nt2lex;Nature;manuel;Nature;manuel
NOMS_NL_645;le chapeau;de hoed;4.05;Standard;Courant;A2;nt2lex;Vêtements & objets;manuel;Vêtements & objets;manuel
NOMS_NL_646;l'avion;het vliegtuig;4.66;Standard;Courant;A1;nt2lex;Transport;manuel;Transport;manuel
NOMS_NL_647;l'endroit;de plek;5.23;Standard;Essentiel;A1;nt2lex;Lieux;manuel;Lieux;manuel
NOMS_NL_648;la robe;de jurk;4.31;Standard;Courant;A2;nt2lex;Vêtements & objets;manuel;Vêtements & objets;manuel
NOMS_NL_649;la pluie;de regen;4.75;Standard;Courant;A2;nt2lex;Nature;manuel;Nature;manuel
NOMS_NL_650;la pizza;de pizza;4.24;Standard;Courant;A1;nt2lex;Alimentation;manuel;Alimentation;manuel
NOMS_NL_651;la blague;de grap;4.6;Standard;Courant;A2;nt2lex;Abstrait & concepts;manuel;Abstrait & concepts;manuel
NOMS_NL_652;le parapluie;de paraplu;3.75;Standard;Courant;A2;nt2lex;Vêtements & objets;manuel;Vêtements & objets;manuel
NOMS_NL_653;le cadeau;het cadeau;4.45;Standard;Courant;A1;nt2lex;Vêtements & objets;manuel;Vêtements & objets;manuel
NOMS_NL_654;la différence;het verschil;4.99;Standard;Courant;A2;nt2lex;Abstrait & concepts;manuel;Abstrait & concepts;manuel
NOMS_NL_655;la chaise;de stoel;4.55;Standard;Courant;A1;nt2lex;Maison;manuel;Maison;manuel
NOMS_NL_656;le petit-déjeuner;het ontbijt;4.6;Standard;Courant;A1;nt2lex;Alimentation;manuel;Alimentation;manuel
NOMS_NL_657;le patron;de baas;4.71;Standard;Courant;A1;nt2lex;Personnes;manuel;Personnes;manuel
NOMS_NL_658;l'étranger (pays);het buitenland;4.76;Standard;Courant;A1;nt2lex;Lieux;manuel;Lieux;manuel
NOMS_NL_659;le piano;de piano;4.2;Standard;Courant;A2;nt2lex;Vêtements & objets;manuel;Vêtements & objets;manuel
NOMS_NL_660;l'hiver;de winter;4.69;Standard;Courant;A1;nt2lex;Temps;manuel;Temps;manuel
NOMS_NL_661;le monsieur;de meneer;4.71;Standard;Courant;A1;nt2lex;Personnes;manuel;Personnes;manuel
NOMS_NL_662;l'anniversaire;de verjaardag;4.75;Standard;Courant;A1;nt2lex;Temps;manuel;Temps;manuel
NOMS_NL_663;la santé;de gezondheid;4.87;Standard;Courant;A2;nt2lex;Corps & santé;manuel;Corps & santé;manuel
NOMS_NL_664;la plage;het strand;4.76;Standard;Courant;A1;nt2lex;Nature;manuel;Nature;manuel
NOMS_NL_665;le jeu;het spel;5.12;Standard;Essentiel;A1;nt2lex;Vêtements & objets;manuel;Vêtements & objets;manuel
NOMS_NL_666;la bibliothèque;de bibliotheek;4.58;Standard;Courant;A2;nt2lex;Lieux;manuel;Lieux;manuel
NOMS_NL_667;la montre;het horloge;4.18;Standard;Courant;A1;nt2lex;Vêtements & objets;manuel;Vêtements & objets;manuel
NOMS_NL_668;la situation;de situatie;5.04;Standard;Essentiel;B1;nt2lex;Abstrait & concepts;manuel;Abstrait & concepts;manuel
NOMS_NL_669;le navire;het schip;4.92;Standard;Courant;A2;nt2lex;Transport;manuel;Transport;manuel
NOMS_NL_670;la lune;de maan;4.52;Standard;Courant;A2;nt2lex;Nature;manuel;Nature;manuel
NOMS_NL_671;l'église;de kerk;5.03;Standard;Essentiel;A1;nt2lex;Lieux;manuel;Lieux;manuel
NOMS_NL_672;la voix;de stem;5.13;Standard;Essentiel;A1;nt2lex;Corps & santé;manuel;Corps & santé;manuel
NOMS_NL_673;la planète;de planeet;4.35;Standard;Courant;B2;nt2lex;Nature;manuel;Nature;manuel
NOMS_NL_674;la décision;de beslissing;4.7;Standard;Courant;A2;nt2lex;Abstrait & concepts;manuel;Abstrait & concepts;manuel
NOMS_NL_675;l'étoile;de ster;4.55;Standard;Courant;A2;nt2lex;Nature;manuel;Nature;manuel
NOMS_NL_676;l'oreille;het oor;4.23;Standard;Courant;A2;nt2lex;Corps & santé;manuel;Corps & santé;manuel
NOMS_NL_677;le ciel;de hemel;4.46;Standard;Courant;A2;nt2lex;Nature;manuel;Nature;manuel
NOMS_NL_678;le tennis;het tennis;4.02;Standard;Courant;A1;nt2lex;Société;manuel;Société;manuel
NOMS_NL_679;la forêt;het bos;4.84;Standard;Courant;A2;nt2lex;Nature;manuel;Nature;manuel
NOMS_NL_680;l'orange;de sinaasappel;3.14;Standard;Spécialisé;A1;nt2lex;Alimentation;manuel;Alimentation;manuel
NOMS_NL_681;l'avocat;de advocaat;4.83;Standard;Courant;A2;nt2lex;Personnes;manuel;Personnes;manuel
NOMS_NL_682;le cinéma;de bioscoop;4.07;Standard;Courant;A2;nt2lex;Lieux;manuel;Lieux;manuel
NOMS_NL_683;le sucre;de suiker;4.27;Standard;Courant;A2;nt2lex;Alimentation;manuel;Alimentation;manuel
NOMS_NL_684;les lunettes;de bril;4.28;Standard;Courant;A2;nt2lex;Vêtements & objets;manuel;Vêtements & objets;manuel
NOMS_NL_685;la maladie;de ziekte;4.77;Standard;Courant;A2;nt2lex;Corps & santé;manuel;Corps & santé;manuel
NOMS_NL_686;le succès;het succes;5.15;Standard;Essentiel;A1;nt2lex;Abstrait & concepts;manuel;Abstrait & concepts;manuel
NOMS_NL_687;la prison;de gevangenis;4.84;Standard;Courant;A2;nt2lex;Lieux;manuel;Lieux;manuel
NOMS_NL_688;le football;het voetbal;4.99;Standard;Courant;A1;nt2lex;Société;manuel;Société;manuel
NOMS_NL_689;le bain;het bad;4.7;Standard;Courant;A2;nt2lex;Maison;manuel;Maison;manuel
NOMS_NL_690;le taxi;de taxi;4.38;Standard;Courant;A1;nt2lex;Transport;manuel;Transport;manuel
NOMS_NL_691;l'or;het goud;4.83;Standard;Courant;A2;nt2lex;Nature;manuel;Nature;manuel
NOMS_NL_692;le sel;het zout;4.28;Standard;Courant;A1;nt2lex;Alimentation;manuel;Alimentation;manuel
NOMS_NL_693;le costume / le paquet;het pak;4.74;Standard;Courant;A1;nt2lex;Vêtements & objets;manuel;Vêtements & objets;manuel
NOMS_NL_694;le concert;het concert;4.65;Standard;Courant;A2;nt2lex;Société;manuel;Société;manuel
NOMS_NL_695;le pas / l'étape;de stap;5.14;Standard;Essentiel;A2;nt2lex;Abstrait & concepts;manuel;Abstrait & concepts;manuel
NOMS_NL_696;la pierre;de steen;4.59;Standard;Courant;A2;nt2lex;Nature;manuel;Nature;manuel
NOMS_NL_697;le corps;het lichaam;5.23;Standard;Essentiel;A1;nt2lex;Corps & santé;manuel;Corps & santé;manuel
NOMS_NL_698;l'examen;het examen;4.27;Standard;Courant;A2;nt2lex;Travail-études;manuel;Travail-études;manuel
NOMS_NL_699;l'université;de universiteit;5.08;Standard;Essentiel;A1;nt2lex;Lieux;manuel;Lieux;manuel
NOMS_NL_700;le million;het miljoen;5.33;Standard;Essentiel;A2;nt2lex;Abstrait & concepts;manuel;Abstrait & concepts;manuel
NOMS_NL_701;le crayon;het potlood;3.56;Standard;Courant;A2;nt2lex;Vêtements & objets;manuel;Vêtements & objets;manuel
NOMS_NL_702;le médicament;het medicijn;3.99;Standard;Courant;A2;nt2lex;Corps & santé;manuel;Corps & santé;manuel
NOMS_NL_703;le conseil;het advies;4.85;Standard;Courant;A2;nt2lex;Abstrait & concepts;manuel;Abstrait & concepts;manuel
NOMS_NL_704;les fruits;het fruit;4.33;Standard;Courant;A1;nt2lex;Alimentation;manuel;Alimentation;manuel
NOMS_NL_705;les mathématiques;de wiskunde;4.38;Standard;Courant;A1;nt2lex;Travail-études;manuel;Travail-études;manuel
NOMS_NL_706;la traduction;de vertaling;4.75;Standard;Courant;A2;nt2lex;Travail-études;manuel;Travail-études;manuel
NOMS_NL_707;le week-end;het weekend;4.88;Standard;Courant;A1;nt2lex;Temps;manuel;Temps;manuel
NOMS_NL_708;le chocolat;de chocolade;4.25;Standard;Courant;B1;nt2lex;Alimentation;manuel;Alimentation;manuel
NOMS_NL_709;l'assiette / le panneau;het bord;4.43;Standard;Courant;A1;nt2lex;Maison;manuel;Maison;manuel
NOMS_NL_710;le match / la compétition;de wedstrijd;5.23;Standard;Essentiel;A2;nt2lex;Société;manuel;Société;manuel
NOMS_NL_711;le sang;het bloed;4.72;Standard;Courant;A2;nt2lex;Corps & santé;manuel;Corps & santé;manuel
NOMS_NL_712;le pont;de brug;4.76;Standard;Courant;A2;nt2lex;Lieux;manuel;Lieux;manuel
NOMS_NL_713;la visite;het bezoek;5.13;Standard;Essentiel;A2;nt2lex;Société;manuel;Société;manuel
NOMS_NL_714;la soif;de dorst;3.91;Standard;Courant;A1;nt2lex;Corps & santé;manuel;Corps & santé;manuel
NOMS_NL_715;le message;het bericht;5.15;Standard;Essentiel;A2;nt2lex;Abstrait & concepts;manuel;Abstrait & concepts;manuel
NOMS_NL_716;le président;de president;5.18;Standard;Essentiel;B1;nt2lex;Personnes;manuel;Personnes;manuel
NOMS_NL_717;le bureau;het bureau;4.83;Standard;Courant;A2;nt2lex;Travail-études;manuel;Travail-études;manuel
NOMS_NL_718;le gâteau / la tarte;de taart;4.34;Standard;Courant;A1;nt2lex;Alimentation;manuel;Alimentation;manuel
NOMS_NL_719;l'art;de kunst;4.98;Standard;Courant;A2;nt2lex;Société;manuel;Société;manuel
NOMS_NL_720;la soupe;de soep;4.35;Standard;Courant;A2;nt2lex;Alimentation;manuel;Alimentation;manuel
NOMS_NL_721;la guitare;de gitaar;4.23;Standard;Courant;A2;nt2lex;Vêtements & objets;manuel;Vêtements & objets;manuel
NOMS_NL_722;l'islam;de islam;4.84;Standard;Courant;A2;nt2lex;Société;manuel;Société;manuel
NOMS_NL_723;l'araignée;de spin;4.02;Standard;Courant;A2;nt2lex;Animaux;manuel;Animaux;manuel
NOMS_NL_724;l'incendie;de brand;4.98;Standard;Courant;A2;nt2lex;Abstrait & concepts;manuel;Abstrait & concepts;manuel
NOMS_NL_725;le frigo;de koelkast;4.13;Standard;Courant;A1;nt2lex;Maison;manuel;Maison;manuel
NOMS_NL_726;Noël;de kerst;4.44;Standard;Courant;A2;nt2lex;Temps;manuel;Temps;manuel
NOMS_NL_727;le dîner;het avondeten;3.71;Standard;Courant;A1;nt2lex;Alimentation;manuel;Alimentation;manuel
NOMS_NL_728;la langue maternelle;de moedertaal;3.5;Standard;Courant;A2;nt2lex;Société;manuel;Société;manuel
NOMS_NL_729;l'aversion (een hekel hebben aan);de hekel;4.23;Standard;Courant;A2;nt2lex;Émotions & sentiments;manuel;Émotions & sentiments;manuel
NOMS_NL_730;le tableau (peinture);het schilderij;4.3;Standard;Courant;A2;nt2lex;Vêtements & objets;manuel;Vêtements & objets;manuel
NOMS_NL_731;le dentiste;de tandarts;4.04;Standard;Courant;B2;nt2lex;Personnes;manuel;Personnes;manuel
NOMS_NL_732;l'adresse;het adres;4.68;Standard;Courant;A1;nt2lex;Lieux;manuel;Lieux;manuel
NOMS_NL_733;la mamie;de oma;4.68;Standard;Courant;A1;nt2lex;Personnes;manuel;Personnes;manuel
NOMS_NL_734;l'appartement;het appartement;4.58;Standard;Courant;A1;nt2lex;Maison;manuel;Maison;manuel
NOMS_NL_735;la professeure;de lerares;3.82;Standard;Courant;A1;nt2lex;Personnes;manuel;Personnes;manuel
NOMS_NL_736;la serrure / le château;het slot;4.63;Standard;Courant;A1;nt2lex;Vêtements & objets;manuel;Vêtements & objets;manuel
NOMS_NL_737;l'invité;de gast;4.69;Standard;Courant;A2;nt2lex;Personnes;manuel;Personnes;manuel
NOMS_NL_738;le grand-père;de grootvader;4.09;Standard;Courant;A2;nt2lex;Personnes;manuel;Personnes;manuel
NOMS_NL_739;la conversation;het gesprek;4.99;Standard;Courant;A2;nt2lex;Société;manuel;Société;manuel
NOMS_NL_740;le printemps;de lente;4.49;Standard;Courant;A2;nt2lex;Temps;manuel;Temps;manuel
NOMS_NL_741;l'e-mail;de e-mail;4.78;Standard;Courant;A1;nt2lex;Travail-études;manuel;Travail-études;manuel
NOMS_NL_742;le soldat;de soldaat;4.47;Standard;Courant;A2;nt2lex;Personnes;manuel;Personnes;manuel
NOMS_NL_743;le peuple;het volk;4.92;Standard;Courant;A2;nt2lex;Société;manuel;Société;manuel
NOMS_NL_744;le sport;de sport;4.98;Standard;Courant;A1;nt2lex;Société;manuel;Société;manuel
NOMS_NL_745;le tremblement de terre;de aardbeving;4.08;Standard;Courant;B1;nt2lex;Nature;manuel;Nature;manuel
NOMS_NL_746;le riz;de rijst;4.19;Standard;Courant;A2;nt2lex;Alimentation;manuel;Alimentation;manuel
NOMS_NL_747;le voisin;de buur;3.5;Standard;Courant;A1;nt2lex;Personnes;manuel;Personnes;manuel
NOMS_NL_748;la tante;de tante;4.41;Standard;Courant;A2;nt2lex;Personnes;manuel;Personnes;manuel
NOMS_NL_749;le tour (à qui le tour);de beurt;4.62;Standard;Courant;A2;nt2lex;Abstrait & concepts;manuel;Abstrait & concepts;manuel
NOMS_NL_750;le signe;het teken;4.79;Standard;Courant;A2;nt2lex;Abstrait & concepts;manuel;Abstrait & concepts;manuel
NOMS_NL_751;le voleur;de dief;3.73;Standard;Courant;A2;nt2lex;Personnes;manuel;Personnes;manuel
NOMS_NL_752;le sujet;het onderwerp;4.8;Standard;Courant;A1;nt2lex;Abstrait & concepts;manuel;Abstrait & concepts;manuel
NOMS_NL_753;le musée;het museum;4.91;Standard;Courant;A2;nt2lex;Lieux;manuel;Lieux;manuel
NOMS_NL_754;le couple;het stel;5.06;Standard;Essentiel;A2;nt2lex;Personnes;manuel;Personnes;manuel
NOMS_NL_755;la tempête;de storm;4.73;Standard;Courant;A2;nt2lex;Nature;manuel;Nature;manuel
NOMS_NL_756;le mètre;de meter;5.15;Standard;Essentiel;A1;nt2lex;Abstrait & concepts;manuel;Abstrait & concepts;manuel
NOMS_NL_757;le souffle / l'haleine;de adem;4.24;Standard;Courant;A2;nt2lex;Corps & santé;manuel;Corps & santé;manuel
NOMS_NL_758;l'herbe;het gras;4.39;Standard;Courant;A2;nt2lex;Nature;manuel;Nature;manuel
NOMS_NL_759;l'arme;het wapen;4.84;Standard;Courant;A2;nt2lex;Vêtements & objets;manuel;Vêtements & objets;manuel
NOMS_NL_760;la banane;de banaan;3.72;Standard;Courant;A1;nt2lex;Alimentation;manuel;Alimentation;manuel
NOMS_NL_761;le musulman;de moslim;4.28;Standard;Courant;A2;nt2lex;Personnes;manuel;Personnes;manuel
NOMS_NL_762;le licenciement / la démission;het ontslag;4.55;Standard;Courant;A2;nt2lex;Travail-études;manuel;Travail-études;manuel
NOMS_NL_763;l'euro;de euro;5.25;Standard;Essentiel;A1;nt2lex;Société;manuel;Société;manuel
NOMS_NL_764;la retraite;het pensioen;4.53;Standard;Courant;A2;nt2lex;Travail-études;manuel;Travail-études;manuel
NOMS_NL_765;la nourriture;het voedsel;4.71;Standard;Courant;A2;nt2lex;Alimentation;manuel;Alimentation;manuel
NOMS_NL_766;la caméra / l'appareil photo;de camera;4.83;Standard;Courant;B1;nt2lex;Vêtements & objets;manuel;Vêtements & objets;manuel
NOMS_NL_767;l'accident;het ongeval;4.24;Standard;Courant;B1;nt2lex;Abstrait & concepts;manuel;Abstrait & concepts;manuel
NOMS_NL_768;le mouton;het schaap;3.94;Standard;Courant;A2;nt2lex;Animaux;manuel;Animaux;manuel
NOMS_NL_769;le reste;de rest;5.19;Standard;Essentiel;A1;nt2lex;Abstrait & concepts;manuel;Abstrait & concepts;manuel
NOMS_NL_770;la recherche / l'enquête;het onderzoek;5.46;Standard;Essentiel;A2;nt2lex;Travail-études;manuel;Travail-études;manuel
NOMS_NL_771;le numéro de téléphone;het telefoonnummer;4.08;Standard;Courant;A1;nt2lex;Abstrait & concepts;manuel;Abstrait & concepts;manuel
NOMS_NL_772;le miroir;de spiegel;4.36;Standard;Courant;A2;nt2lex;Maison;manuel;Maison;manuel
NOMS_NL_773;la feuille;het blad;4.4;Standard;Courant;A2;nt2lex;Nature;manuel;Nature;manuel
NOMS_NL_774;la preuve;het bewijs;4.88;Standard;Courant;A2;nt2lex;Abstrait & concepts;manuel;Abstrait & concepts;manuel
NOMS_NL_775;le tissu / la matière;de stof;4.67;Standard;Courant;A2;nt2lex;Abstrait & concepts;manuel;Abstrait & concepts;manuel
NOMS_NL_776;l'internet;het internet;5.18;Standard;Essentiel;A1;nt2lex;Société;manuel;Société;manuel
NOMS_NL_777;la lampe;de lamp;4.07;Standard;Courant;A2;nt2lex;Maison;manuel;Maison;manuel
NOMS_NL_778;la tomate;de tomaat;3.72;Standard;Courant;A2;nt2lex;Alimentation;manuel;Alimentation;manuel
NOMS_NL_779;le policier;de politieagent;4.07;Standard;Courant;A2;nt2lex;Personnes;manuel;Personnes;manuel
NOMS_NL_780;la piscine;het zwembad;4.52;Standard;Courant;A1;nt2lex;Lieux;manuel;Lieux;manuel
NOMS_NL_781;le pantalon;de broek;4.67;Standard;Courant;A1;nt2lex;Vêtements & objets;manuel;Vêtements & objets;manuel
NOMS_NL_782;la ferme;de boerderij;4.49;Standard;Courant;A2;nt2lex;Lieux;manuel;Lieux;manuel
NOMS_NL_783;la mosquée;de moskee;4.22;Standard;Courant;B1;nt2lex;Lieux;manuel;Lieux;manuel
NOMS_NL_784;le hobby;de hobby;4.15;Standard;Courant;A1;nt2lex;Société;manuel;Société;manuel
NOMS_NL_785;la tâche;de taak;4.64;Standard;Courant;A2;nt2lex;Travail-études;manuel;Travail-études;manuel
NOMS_NL_786;la chemise / le maillot;het shirt;4.57;Standard;Courant;B2;nt2lex;Vêtements & objets;manuel;Vêtements & objets;manuel
NOMS_NL_787;l'article;het artikel;5.42;Standard;Essentiel;B1;nt2lex;Abstrait & concepts;manuel;Abstrait & concepts;manuel
NOMS_NL_788;la rose;de roos;4.22;Standard;Courant;A2;nt2lex;Nature;manuel;Nature;manuel
NOMS_NL_789;l'aéroport;het vliegveld;4.48;Standard;Courant;A1;nt2lex;Lieux;manuel;Lieux;manuel
NOMS_NL_790;le gars;de kerel;4.17;Standard;Courant;A2;nt2lex;Personnes;manuel;Personnes;manuel
NOMS_NL_791;le professeur d'université;de professor;4.66;Standard;Courant;A2;nt2lex;Personnes;manuel;Personnes;manuel
NOMS_NL_792;la permission;de toestemming;4.83;Standard;Courant;B1;nt2lex;Abstrait & concepts;manuel;Abstrait & concepts;manuel
NOMS_NL_793;le beurre;de boter;4.05;Standard;Courant;A2;nt2lex;Alimentation;manuel;Alimentation;manuel
NOMS_NL_794;le baseball;het honkbal;3.51;Standard;Courant;B2;nt2lex;Société;manuel;Société;manuel
NOMS_NL_795;les spaghettis;de spaghetti;3.59;Standard;Courant;A1;nt2lex;Alimentation;manuel;Alimentation;manuel
NOMS_NL_796;le passeport;het paspoort;4.28;Standard;Courant;A2;nt2lex;Vêtements & objets;manuel;Vêtements & objets;manuel
NOMS_NL_797;le papi;de opa;4.47;Standard;Courant;A1;nt2lex;Personnes;manuel;Personnes;manuel
NOMS_NL_798;la chambre à coucher;de slaapkamer;4.29;Standard;Courant;A1;nt2lex;Maison;manuel;Maison;manuel
NOMS_NL_799;le biscuit / le gâteau;de koek;3.69;Standard;Courant;A1;nt2lex;Alimentation;manuel;Alimentation;manuel
NOMS_NL_800;la larme;de traan;3.37;Standard;Spécialisé;A2;nt2lex;Corps & santé;manuel;Corps & santé;manuel
NOMS_NL_801;le serpent;de slang;4.11;Standard;Courant;A2;nt2lex;Animaux;manuel;Animaux;manuel
NOMS_NL_802;le suicide;de zelfmoord;4.41;Standard;Courant;A2;nt2lex;Abstrait & concepts;manuel;Abstrait & concepts;manuel
NOMS_NL_803;le cadeau;het geschenk;3.93;Standard;Courant;B1;nt2lex;Vêtements & objets;manuel;Vêtements & objets;manuel
NOMS_NL_804;l'étage;de verdieping;4.46;Standard;Courant;A1;nt2lex;Maison;manuel;Maison;manuel
NOMS_NL_805;le souhait;de wens;4.74;Standard;Courant;A2;nt2lex;Émotions & sentiments;manuel;Émotions & sentiments;manuel
NOMS_NL_806;l'excuse;het excuus;4.28;Standard;Courant;A2;nt2lex;Abstrait & concepts;manuel;Abstrait & concepts;manuel
NOMS_NL_807;le site web;de website;5.56;Standard;Essentiel;A1;nt2lex;Travail-études;manuel;Travail-études;manuel
NOMS_NL_808;la foi / la croyance;het geloof;5.17;Standard;Essentiel;A2;nt2lex;Société;manuel;Société;manuel
NOMS_NL_809;le magazine;het tijdschrift;4.62;Standard;Courant;B1;nt2lex;Vêtements & objets;manuel;Vêtements & objets;manuel
NOMS_NL_810;l'ascenseur;de lift;4.35;Standard;Courant;A2;nt2lex;Maison;manuel;Maison;manuel
NOMS_NL_811;le détail;het detail;4.18;Standard;Courant;A2;nt2lex;Abstrait & concepts;manuel;Abstrait & concepts;manuel
NOMS_NL_812;le voisin;de buurman;4.11;Standard;Courant;A2;nt2lex;Personnes;manuel;Personnes;manuel
NOMS_NL_813;l'épaule;de schouder;4.1;Standard;Courant;A2;nt2lex;Corps & santé;manuel;Corps & santé;manuel
NOMS_NL_814;la beauté;de schoonheid;4.43;Standard;Courant;B1;nt2lex;Abstrait & concepts;manuel;Abstrait & concepts;manuel
NOMS_NL_815;la machine;de machine;4.57;Standard;Courant;A2;nt2lex;Vêtements & objets;manuel;Vêtements & objets;manuel
NOMS_NL_816;le kilomètre;de kilometer;4.94;Standard;Courant;A1;nt2lex;Abstrait & concepts;manuel;Abstrait & concepts;manuel
NOMS_NL_817;le zoo;de dierentuin;4.02;Standard;Courant;B1;nt2lex;Lieux;manuel;Lieux;manuel
NOMS_NL_818;l'ours;de beer;4.28;Standard;Courant;A2;nt2lex;Animaux;manuel;Animaux;manuel
NOMS_NL_819;l'écrivain;de schrijver;4.89;Standard;Courant;A2;nt2lex;Personnes;manuel;Personnes;manuel
NOMS_NL_820;le porte-monnaie;de portemonnee;4.05;Standard;Courant;A2;nt2lex;Vêtements & objets;manuel;Vêtements & objets;manuel
NOMS_NL_821;les bonbons;het snoep;3.96;Standard;Courant;B1;nt2lex;Alimentation;manuel;Alimentation;manuel
NOMS_NL_822;le supermarché;de supermarkt;4.33;Standard;Courant;A1;nt2lex;Lieux;manuel;Lieux;manuel
NOMS_NL_823;la possibilité;de mogelijkheid;4.8;Standard;Courant;A2;nt2lex;Abstrait & concepts;manuel;Abstrait & concepts;manuel
NOMS_NL_824;la langue (organe);de tong;4.21;Standard;Courant;A2;nt2lex;Corps & santé;manuel;Corps & santé;manuel
NOMS_NL_825;le discours;de toespraak;4.09;Standard;Courant;B1;nt2lex;Société;manuel;Société;manuel
NOMS_NL_826;l'instant;het ogenblik;4.1;Standard;Courant;A2;nt2lex;Temps;manuel;Temps;manuel
NOMS_NL_827;l'agriculteur;de boer;4.47;Standard;Courant;A2;nt2lex;Personnes;manuel;Personnes;manuel
NOMS_NL_828;l'enseignant;de docent;4.43;Standard;Courant;A1;nt2lex;Personnes;manuel;Personnes;manuel
NOMS_NL_829;la fin / le bout;het eind;5.15;Standard;Essentiel;A2;nt2lex;Abstrait & concepts;manuel;Abstrait & concepts;manuel
NOMS_NL_830;la cravate;de stropdas;3.44;Standard;Spécialisé;A2;nt2lex;Vêtements & objets;manuel;Vêtements & objets;manuel
NOMS_NL_831;la vidéo;de video;5.44;Standard;Essentiel;B1;nt2lex;Vêtements & objets;manuel;Vêtements & objets;manuel
NOMS_NL_832;les études;de studie;4.72;Standard;Courant;A1;nt2lex;Travail-études;manuel;Travail-études;manuel
NOMS_NL_833;le gant;de handschoen;3.37;Standard;Spécialisé;A2;nt2lex;Vêtements & objets;manuel;Vêtements & objets;manuel
NOMS_NL_834;le sapin de Noël;de kerstboom;3.77;Standard;Courant;A2;nt2lex;Maison;manuel;Maison;manuel
NOMS_NL_835;le papillon;de vlinder;3.86;Standard;Courant;A2;nt2lex;Animaux;manuel;Animaux;manuel
NOMS_NL_836;le sourire;de glimlach;4.32;Standard;Courant;A2;nt2lex;Émotions & sentiments;manuel;Émotions & sentiments;manuel
NOMS_NL_837;l'alcool;de alcohol;4.43;Standard;Courant;A2;nt2lex;Alimentation;manuel;Alimentation;manuel
NOMS_NL_838;le pistolet;het pistool;3.83;Standard;Courant;A2;nt2lex;Vêtements & objets;manuel;Vêtements & objets;manuel
NOMS_NL_839;le regard;de blik;4.53;Standard;Courant;A2;nt2lex;Abstrait & concepts;manuel;Abstrait & concepts;manuel
NOMS_NL_840;le chanteur;de zanger;4.4;Standard;Courant;A2;nt2lex;Personnes;manuel;Personnes;manuel
NOMS_NL_841;la dame;de dame;4.68;Standard;Courant;A2;nt2lex;Personnes;manuel;Personnes;manuel
NOMS_NL_842;la pile / la batterie;de batterij;4.18;Standard;Courant;B1;nt2lex;Vêtements & objets;manuel;Vêtements & objets;manuel
NOMS_NL_843;le poète;de dichter;4.56;Standard;Courant;A2;nt2lex;Personnes;manuel;Personnes;manuel
NOMS_NL_844;la promesse;de belofte;4.17;Standard;Courant;A2;nt2lex;Abstrait & concepts;manuel;Abstrait & concepts;manuel
NOMS_NL_845;l'automne;de herfst;4.3;Standard;Courant;A2;nt2lex;Temps;manuel;Temps;manuel
NOMS_NL_846;la seconde;de seconde;4.31;Standard;Courant;A2;nt2lex;Temps;manuel;Temps;manuel
NOMS_NL_847;la salade (laitue);de sla;4.32;Standard;Courant;A1;nt2lex;Alimentation;manuel;Alimentation;manuel
NOMS_NL_848;la théorie;de theorie;4.57;Standard;Courant;B1;nt2lex;Abstrait & concepts;manuel;Abstrait & concepts;manuel
NOMS_NL_849;l'éléphant;de olifant;4.03;Standard;Courant;A2;nt2lex;Animaux;manuel;Animaux;manuel
NOMS_NL_850;la madame;de mevrouw;4.66;Standard;Courant;A1;nt2lex;Personnes;manuel;Personnes;manuel
NOMS_NL_851;la population;de bevolking;4.95;Standard;Courant;A2;nt2lex;Société;manuel;Société;manuel
NOMS_NL_852;l'époux;de echtgenoot;4.52;Standard;Courant;A2;nt2lex;Personnes;manuel;Personnes;manuel
NOMS_NL_853;la promenade;de wandeling;4.26;Standard;Courant;A2;nt2lex;Société;manuel;Société;manuel
NOMS_NL_854;les bêtises / le non-sens;de onzin;4.7;Standard;Courant;A2;nt2lex;Abstrait & concepts;manuel;Abstrait & concepts;manuel
NOMS_NL_855;la princesse;de prinses;4.47;Standard;Courant;A2;nt2lex;Personnes;manuel;Personnes;manuel
NOMS_NL_856;le goût;de smaak;4.5;Standard;Courant;A2;nt2lex;Abstrait & concepts;manuel;Abstrait & concepts;manuel
NOMS_NL_857;le régime (alimentaire);het dieet;4.07;Standard;Courant;A2;nt2lex;Alimentation;manuel;Alimentation;manuel
NOMS_NL_858;la grand-mère;de grootmoeder;3.97;Standard;Courant;A2;nt2lex;Personnes;manuel;Personnes;manuel
NOMS_NL_859;le mot de passe;het wachtwoord;4.02;Standard;Courant;B1;nt2lex;Travail-études;manuel;Travail-études;manuel
NOMS_NL_860;la fumée;de rook;4.48;Standard;Courant;A2;nt2lex;Nature;manuel;Nature;manuel
NOMS_NL_861;le garage;de garage;4.29;Standard;Courant;A1;nt2lex;Maison;manuel;Maison;manuel
NOMS_NL_862;le trésor / le chéri;de schat;4.7;Standard;Courant;A2;nt2lex;Abstrait & concepts;manuel;Abstrait & concepts;manuel
NOMS_NL_863;le coq;de haan;4.0;Standard;Courant;A2;nt2lex;Animaux;manuel;Animaux;manuel
NOMS_NL_864;le manque / le défaut;het gebrek;4.59;Standard;Courant;A2;nt2lex;Abstrait & concepts;manuel;Abstrait & concepts;manuel
NOMS_NL_865;la source;de bron;5.02;Standard;Essentiel;A2;nt2lex;Abstrait & concepts;manuel;Abstrait & concepts;manuel
NOMS_NL_866;le cake;de cake;3.94;Standard;Courant;A2;nt2lex;Alimentation;manuel;Alimentation;manuel
NOMS_NL_867;la fièvre;de koorts;3.96;Standard;Courant;A1;nt2lex;Corps & santé;manuel;Corps & santé;manuel
NOMS_NL_868;l'énergie;de energie;5.04;Standard;Essentiel;A2;nt2lex;Abstrait & concepts;manuel;Abstrait & concepts;manuel
NOMS_NL_869;la carotte / la racine;de wortel;3.82;Standard;Courant;A2;nt2lex;Alimentation;manuel;Alimentation;manuel
NOMS_NL_870;le couloir;de gang;4.89;Standard;Courant;A2;nt2lex;Maison;manuel;Maison;manuel
NOMS_NL_871;le politicien;de politicus;4.41;Standard;Courant;A2;nt2lex;Personnes;manuel;Personnes;manuel
NOMS_NL_872;la chemise;het hemd;3.74;Standard;Courant;A2;nt2lex;Vêtements & objets;manuel;Vêtements & objets;manuel
NOMS_NL_873;le bateau;de boot;4.69;Standard;Courant;A1;nt2lex;Transport;manuel;Transport;manuel
NOMS_NL_874;la température;de temperatuur;4.64;Standard;Courant;B1;nt2lex;Nature;manuel;Nature;manuel
NOMS_NL_875;le bruit;het lawaai;4.09;Standard;Courant;A1;nt2lex;Abstrait & concepts;manuel;Abstrait & concepts;manuel
NOMS_NL_876;l'intention;de bedoeling;4.69;Standard;Courant;A2;nt2lex;Abstrait & concepts;manuel;Abstrait & concepts;manuel
NOMS_NL_877;la signification;de betekenis;4.66;Standard;Courant;A2;nt2lex;Abstrait & concepts;manuel;Abstrait & concepts;manuel
NOMS_NL_878;l'ambassade;de ambassade;4.11;Standard;Courant;B1;nt2lex;Lieux;manuel;Lieux;manuel
NOMS_NL_879;le permis de conduire;het rijbewijs;4.27;Standard;Courant;A2;nt2lex;Transport;manuel;Transport;manuel
NOMS_NL_880;le but (sport);het doelpunt;4.26;Standard;Courant;B1;nt2lex;Société;manuel;Société;manuel
NOMS_NL_881;la vaisselle;de afwas;3.41;Standard;Spécialisé;A1;nt2lex;Maison;manuel;Maison;manuel
NOMS_NL_882;les frites;de friet;3.48;Standard;Spécialisé;A2;nt2lex;Alimentation;manuel;Alimentation;manuel
NOMS_NL_883;le scientifique;de wetenschapper;4.14;Standard;Courant;A2;nt2lex;Personnes;manuel;Personnes;manuel
NOMS_NL_884;le bouton;de knop;4.32;Standard;Courant;A2;nt2lex;Vêtements & objets;manuel;Vêtements & objets;manuel
NOMS_NL_885;l'huile / le pétrole;de olie;4.69;Standard;Courant;A2;nt2lex;Alimentation;manuel;Alimentation;manuel
NOMS_NL_886;l'épouse;de echtgenote;4.13;Standard;Courant;B1;nt2lex;Personnes;manuel;Personnes;manuel
NOMS_NL_887;le genou;de knie;4.17;Standard;Courant;A1;nt2lex;Corps & santé;manuel;Corps & santé;manuel
NOMS_NL_888;l'étranger (personne);de buitenlander;3.4;Standard;Spécialisé;A2;nt2lex;Personnes;manuel;Personnes;manuel
NOMS_NL_889;le sort / le billet de loterie;het lot;4.54;Standard;Courant;A2;nt2lex;Abstrait & concepts;manuel;Abstrait & concepts;manuel
NOMS_NL_890;le truc / les affaires;het spul;3.92;Standard;Courant;A2;nt2lex;Vêtements & objets;manuel;Vêtements & objets;manuel
NOMS_NL_891;la manière;de wijze;4.83;Standard;Courant;A2;nt2lex;Abstrait & concepts;manuel;Abstrait & concepts;manuel
NOMS_NL_892;la poupée;de pop;4.48;Standard;Courant;A2;nt2lex;Vêtements & objets;manuel;Vêtements & objets;manuel
NOMS_NL_893;l'acteur;de acteur;4.27;Standard;Courant;B1;nt2lex;Personnes;manuel;Personnes;manuel
NOMS_NL_894;le respect;het respect;4.92;Standard;Courant;A2;nt2lex;Émotions & sentiments;manuel;Émotions & sentiments;manuel
NOMS_NL_895;l'aéroport;de luchthaven;4.4;Standard;Courant;B1;nt2lex;Lieux;manuel;Lieux;manuel
NOMS_NL_896;la douche;de douche;4.36;Standard;Courant;A1;nt2lex;Maison;manuel;Maison;manuel
NOMS_NL_897;les bagages;de bagage;4.1;Standard;Courant;A2;nt2lex;Transport;manuel;Transport;manuel
NOMS_NL_898;la rumeur;het gerucht;3.99;Standard;Courant;B2;nt2lex;Société;manuel;Société;manuel
NOMS_NL_899;la campagne;het platteland;4.12;Standard;Courant;A2;nt2lex;Lieux;manuel;Lieux;manuel
NOMS_NL_900;la poitrine;de borst;4.35;Standard;Courant;A2;nt2lex;Corps & santé;manuel;Corps & santé;manuel
NOMS_NL_901;la côte;de kust;4.73;Standard;Courant;A2;nt2lex;Nature;manuel;Nature;manuel
NOMS_NL_902;les toilettes;het toilet;4.54;Standard;Courant;A1;nt2lex;Maison;manuel;Maison;manuel
NOMS_NL_903;le bureau de poste;het postkantoor;3.64;Standard;Courant;A1;nt2lex;Lieux;manuel;Lieux;manuel
NOMS_NL_904;le silence;de stilte;4.51;Standard;Courant;A2;nt2lex;Abstrait & concepts;manuel;Abstrait & concepts;manuel
NOMS_NL_905;la frayeur;de schrik;4.05;Standard;Courant;A2;nt2lex;Émotions & sentiments;manuel;Émotions & sentiments;manuel
NOMS_NL_906;l'auteur;de auteur;4.67;Standard;Courant;B1;nt2lex;Personnes;manuel;Personnes;manuel
NOMS_NL_907;la fourchette;de vork;3.59;Standard;Courant;A2;nt2lex;Maison;manuel;Maison;manuel
NOMS_NL_908;la grenouille;de kikker;3.87;Standard;Courant;A2;nt2lex;Animaux;manuel;Animaux;manuel
NOMS_NL_909;le singe;de aap;4.12;Standard;Courant;A2;nt2lex;Animaux;manuel;Animaux;manuel
NOMS_NL_910;le kilo;de kilo;4.53;Standard;Courant;A1;nt2lex;Abstrait & concepts;manuel;Abstrait & concepts;manuel
NOMS_NL_911;la saison;het seizoen;5.16;Standard;Essentiel;A2;nt2lex;Temps;manuel;Temps;manuel
NOMS_NL_912;le nombre;het getal;4.09;Standard;Courant;A2;nt2lex;Abstrait & concepts;manuel;Abstrait & concepts;manuel
NOMS_NL_913;l'habitant;de inwoner;3.99;Standard;Courant;A2;nt2lex;Personnes;manuel;Personnes;manuel
NOMS_NL_914;la queue (d'animal);de staart;4.19;Standard;Courant;A2;nt2lex;Animaux;manuel;Animaux;manuel
NOMS_NL_915;le touriste;de toerist;3.65;Standard;Courant;A2;nt2lex;Personnes;manuel;Personnes;manuel
NOMS_NL_916;le mariage (fête);de bruiloft;4.28;Standard;Courant;A2;nt2lex;Société;manuel;Société;manuel
NOMS_NL_917;la patience;het geduld;4.4;Standard;Courant;A2;nt2lex;Émotions & sentiments;manuel;Émotions & sentiments;manuel
NOMS_NL_918;le centime;de cent;4.25;Standard;Courant;A2;nt2lex;Société;manuel;Société;manuel
NOMS_NL_919;l'invitation;de uitnodiging;4.26;Standard;Courant;A2;nt2lex;Société;manuel;Société;manuel
NOMS_NL_920;le journal intime;het dagboek;4.04;Standard;Courant;A2;nt2lex;Vêtements & objets;manuel;Vêtements & objets;manuel
NOMS_NL_921;le loyer;de huur;4.48;Standard;Courant;A1;nt2lex;Maison;manuel;Maison;manuel
NOMS_NL_922;la salle de bain;de badkamer;4.29;Standard;Courant;A1;nt2lex;Maison;manuel;Maison;manuel
NOMS_NL_923;l'importance / l'intérêt;het belang;5.08;Standard;Essentiel;A2;nt2lex;Abstrait & concepts;manuel;Abstrait & concepts;manuel
NOMS_NL_924;le marteau;de hamer;3.92;Standard;Courant;A2;nt2lex;Vêtements & objets;manuel;Vêtements & objets;manuel
NOMS_NL_925;le Père Noël;de kerstman;3.61;Standard;Courant;B1;nt2lex;Personnes;manuel;Personnes;manuel
NOMS_NL_926;le sud;het zuiden;4.8;Standard;Courant;A1;nt2lex;Lieux;manuel;Lieux;manuel
NOMS_NL_927;le climat;het klimaat;4.53;Standard;Courant;A2;nt2lex;Nature;manuel;Nature;manuel
NOMS_NL_928;les environs / l'environnement;de omgeving;5.15;Standard;Essentiel;A2;nt2lex;Lieux;manuel;Lieux;manuel
NOMS_NL_929;l'humanité;de mensheid;4.32;Standard;Courant;A2;nt2lex;Société;manuel;Société;manuel
NOMS_NL_930;les jouets;het speelgoed;4.23;Standard;Courant;A2;nt2lex;Vêtements & objets;manuel;Vêtements & objets;manuel
NOMS_NL_931;la peau;de huid;4.56;Standard;Courant;A2;nt2lex;Corps & santé;manuel;Corps & santé;manuel
NOMS_NL_932;la demande;het verzoek;4.69;Standard;Courant;B1;nt2lex;Abstrait & concepts;manuel;Abstrait & concepts;manuel
NOMS_NL_933;la surprise;de verrassing;4.54;Standard;Courant;A2;nt2lex;Émotions & sentiments;manuel;Émotions & sentiments;manuel
NOMS_NL_934;le papa;de papa;4.58;Standard;Courant;B1;nt2lex;Personnes;manuel;Personnes;manuel
NOMS_NL_935;l'appareil photo;het fototoestel;2.99;Standard;Spécialisé;B1;nt2lex;Vêtements & objets;manuel;Vêtements & objets;manuel
NOMS_NL_936;le sentier;het pad;4.69;Standard;Courant;A2;nt2lex;Lieux;manuel;Lieux;manuel
NOMS_NL_937;le joueur;de speler;4.75;Standard;Courant;A2;nt2lex;Personnes;manuel;Personnes;manuel
NOMS_NL_938;l'ombre;de schaduw;4.19;Standard;Courant;A2;nt2lex;Nature;manuel;Nature;manuel
NOMS_NL_939;la gorge;de keel;4.28;Standard;Courant;A2;nt2lex;Corps & santé;manuel;Corps & santé;manuel
NOMS_NL_940;le document;het document;4.25;Standard;Courant;B1;nt2lex;Travail-études;manuel;Travail-études;manuel
NOMS_NL_941;le héros;de held;4.6;Standard;Courant;A2;nt2lex;Personnes;manuel;Personnes;manuel
NOMS_NL_942;le menteur;de leugenaar;3.73;Standard;Courant;A2;nt2lex;Personnes;manuel;Personnes;manuel
NOMS_NL_943;le lapin;het konijn;4.02;Standard;Courant;A2;nt2lex;Animaux;manuel;Animaux;manuel
NOMS_NL_944;l'artiste;de kunstenaar;4.51;Standard;Courant;A2;nt2lex;Personnes;manuel;Personnes;manuel
NOMS_NL_945;l'estomac;de maag;4.11;Standard;Courant;A2;nt2lex;Corps & santé;manuel;Corps & santé;manuel
NOMS_NL_946;le citoyen;de burger;4.61;Standard;Courant;A2;nt2lex;Personnes;manuel;Personnes;manuel
NOMS_NL_947;la vue;het zicht;4.5;Standard;Courant;B2;nt2lex;Abstrait & concepts;manuel;Abstrait & concepts;manuel
NOMS_NL_948;la botte;de laars;3.51;Standard;Courant;A2;nt2lex;Vêtements & objets;manuel;Vêtements & objets;manuel
NOMS_NL_949;le jus d'orange;het sinaasappelsap;2.93;Standard;Spécialisé;A2;nt2lex;Alimentation;manuel;Alimentation;manuel
NOMS_NL_950;le degré;de graad;4.09;Standard;Courant;A2;nt2lex;Abstrait & concepts;manuel;Abstrait & concepts;manuel
NOMS_NL_951;la chemise;het overhemd;3.56;Standard;Courant;A1;nt2lex;Vêtements & objets;manuel;Vêtements & objets;manuel
NOMS_NL_952;le centre;het centrum;5.18;Standard;Essentiel;A1;nt2lex;Lieux;manuel;Lieux;manuel
NOMS_NL_953;l'élection;de verkiezing;4.3;Standard;Courant;B1;nt2lex;Société;manuel;Société;manuel
NOMS_NL_954;le coup / la bataille;de slag;5.01;Standard;Essentiel;A2;nt2lex;Abstrait & concepts;manuel;Abstrait & concepts;manuel
NOMS_NL_955;la fête de Noël;het kerstfeest;3.19;Standard;Spécialisé;A2;nt2lex;Temps;manuel;Temps;manuel
NOMS_NL_956;l'offre;het aanbod;4.56;Standard;Courant;A2;nt2lex;Travail-études;manuel;Travail-études;manuel
NOMS_NL_957;l'effort;de inspanning;3.81;Standard;Courant;A2;nt2lex;Abstrait & concepts;manuel;Abstrait & concepts;manuel
NOMS_NL_958;le végétarien;de vegetariër;3.54;Standard;Courant;B1;nt2lex;Personnes;manuel;Personnes;manuel
NOMS_NL_959;le message / la course;de boodschap;4.72;Standard;Courant;A1;nt2lex;Abstrait & concepts;manuel;Abstrait & concepts;manuel
NOMS_NL_960;le cancer;de kanker;4.52;Standard;Courant;A2;nt2lex;Corps & santé;manuel;Corps & santé;manuel
NOMS_NL_961;la violence;het geweld;4.78;Standard;Courant;B1;nt2lex;Société;manuel;Société;manuel
NOMS_NL_962;l'ordinateur portable;de laptop;4.46;Standard;Courant;A2;nt2lex;Vêtements & objets;manuel;Vêtements & objets;manuel
NOMS_NL_963;le type;de vent;4.34;Standard;Courant;A2;nt2lex;Personnes;manuel;Personnes;manuel
NOMS_NL_964;minuit;de middernacht;3.93;Standard;Courant;A2;nt2lex;Temps;manuel;Temps;manuel
NOMS_NL_965;le vase;de vaas;3.55;Standard;Courant;A2;nt2lex;Maison;manuel;Maison;manuel
NOMS_NL_966;le devoir (obligation);de plicht;4.23;Standard;Courant;A2;nt2lex;Abstrait & concepts;manuel;Abstrait & concepts;manuel
NOMS_NL_967;la foule;de menigte;3.96;Standard;Courant;B1;nt2lex;Société;manuel;Société;manuel
NOMS_NL_968;la serviette (de bain);de handdoek;3.7;Standard;Courant;A2;nt2lex;Maison;manuel;Maison;manuel
NOMS_NL_969;le système;het systeem;5.04;Standard;Essentiel;B1;nt2lex;Abstrait & concepts;manuel;Abstrait & concepts;manuel
NOMS_NL_970;le prince;de prins;4.61;Standard;Courant;A2;nt2lex;Personnes;manuel;Personnes;manuel
NOMS_NL_971;l'appétit / l'envie;de trek;4.58;Standard;Courant;A2;nt2lex;Corps & santé;manuel;Corps & santé;manuel
NOMS_NL_972;la victoire;de overwinning;4.77;Standard;Courant;A2;nt2lex;Abstrait & concepts;manuel;Abstrait & concepts;manuel
NOMS_NL_973;les ciseaux;de schaar;3.63;Standard;Courant;B2;nt2lex;Vêtements & objets;manuel;Vêtements & objets;manuel
NOMS_NL_974;les vacances d'été;de zomervakantie;3.81;Standard;Courant;A2;nt2lex;Temps;manuel;Temps;manuel
NOMS_NL_975;le logement;de woning;4.77;Standard;Courant;A1;nt2lex;Maison;manuel;Maison;manuel
NOMS_NL_976;le progrès;de vooruitgang;4.25;Standard;Courant;B1;nt2lex;Abstrait & concepts;manuel;Abstrait & concepts;manuel
NOMS_NL_977;le petit-enfant;het kleinkind;3.25;Standard;Spécialisé;A1;nt2lex;Personnes;manuel;Personnes;manuel
NOMS_NL_978;l'après-midi;de namiddag;3.73;Standard;Courant;A2;nt2lex;Temps;manuel;Temps;manuel
NOMS_NL_979;la pitié;het medelijden;4.12;Standard;Courant;A2;nt2lex;Émotions & sentiments;manuel;Émotions & sentiments;manuel
NOMS_NL_980;la drogue;de drug;3.59;Standard;Courant;A1;nt2lex;Société;manuel;Société;manuel
NOMS_NL_981;l'enseignement;het onderwijs;5.23;Standard;Essentiel;A2;nt2lex;Travail-études;manuel;Travail-études;manuel
NOMS_NL_982;le mouchoir;de zakdoek;3.36;Standard;Spécialisé;A1;nt2lex;Vêtements & objets;manuel;Vêtements & objets;manuel
NOMS_NL_983;la victime;het slachtoffer;4.86;Standard;Courant;A2;nt2lex;Personnes;manuel;Personnes;manuel
NOMS_NL_984;les jumeaux;de tweeling;3.93;Standard;Courant;A2;nt2lex;Personnes;manuel;Personnes;manuel
NOMS_NL_985;l'enfer;de hel;4.38;Standard;Courant;A2;nt2lex;Abstrait & concepts;manuel;Abstrait & concepts;manuel
NOMS_NL_986;le loup;de wolf;4.36;Standard;Courant;A2;nt2lex;Animaux;manuel;Animaux;manuel
NOMS_NL_987;l'adieu / les adieux;het afscheid;4.54;Standard;Courant;A1;nt2lex;Émotions & sentiments;manuel;Émotions & sentiments;manuel
NOMS_NL_988;la nièce / la cousine;de nicht;4.17;Standard;Courant;A2;nt2lex;Personnes;manuel;Personnes;manuel
NOMS_NL_989;le rideau;het gordijn;3.52;Standard;Courant;A1;nt2lex;Maison;manuel;Maison;manuel
NOMS_NL_990;le dirigeant / le chef;de leider;4.78;Standard;Courant;A2;nt2lex;Personnes;manuel;Personnes;manuel
NOMS_NL_991;le jus;het sap;3.94;Standard;Courant;A2;nt2lex;Alimentation;manuel;Alimentation;manuel
NOMS_NL_992;le raisin;de druif;3.35;Standard;Spécialisé;A2;nt2lex;Alimentation;manuel;Alimentation;manuel
NOMS_NL_993;la fois;de maal;4.43;Standard;Courant;B1;nt2lex;Temps;manuel;Temps;manuel
NOMS_NL_994;les pâtes;de pasta;3.93;Standard;Courant;A2;nt2lex;Alimentation;manuel;Alimentation;manuel
NOMS_NL_995;la tartine;de boterham;3.58;Standard;Courant;A1;nt2lex;Alimentation;manuel;Alimentation;manuel
NOMS_NL_996;l'épée;het zwaard;3.99;Standard;Courant;A2;nt2lex;Vêtements & objets;manuel;Vêtements & objets;manuel
NOMS_NL_997;la sécurité;de veiligheid;4.96;Standard;Courant;A2;nt2lex;Abstrait & concepts;manuel;Abstrait & concepts;manuel
NOMS_NL_998;l'apparence;het uiterlijk;4.49;Standard;Courant;A2;nt2lex;Abstrait & concepts;manuel;Abstrait & concepts;manuel
NOMS_NL_999;le propriétaire;de eigenaar;4.76;Standard;Courant;A2;nt2lex;Personnes;manuel;Personnes;manuel
NOMS_NL_1000;l'honneur;de eer;4.59;Standard;Courant;A2;nt2lex;Abstrait & concepts;manuel;Abstrait & concepts;manuel
NOMS_NL_1001;la bougie;de kaars;3.68;Standard;Courant;A2;nt2lex;Maison;manuel;Maison;manuel
NOMS_NL_1002;l'insecte;het insect;3.56;Standard;Courant;A2;nt2lex;Animaux;manuel;Animaux;manuel
NOMS_NL_1003;la chanteuse;de zangeres;4.13;Standard;Courant;B1;nt2lex;Personnes;manuel;Personnes;manuel
NOMS_NL_1004;le baiser;de kus;4.19;Standard;Courant;A1;nt2lex;Émotions & sentiments;manuel;Émotions & sentiments;manuel
NOMS_NL_1005;le lion;de leeuw;4.28;Standard;Courant;A2;nt2lex;Animaux;manuel;Animaux;manuel
NOMS_NL_1006;l'accent;het accent;4.02;Standard;Courant;B1;nt2lex;Abstrait & concepts;manuel;Abstrait & concepts;manuel
NOMS_NL_1007;le logiciel;de software;4.48;Standard;Courant;B2;nt2lex;Travail-études;manuel;Travail-études;manuel
NOMS_NL_1008;l'aisance / la facilité;het gemak;4.22;Standard;Courant;A2;nt2lex;Abstrait & concepts;manuel;Abstrait & concepts;manuel
NOMS_NL_1009;la version;de versie;5.06;Standard;Essentiel;B1;nt2lex;Abstrait & concepts;manuel;Abstrait & concepts;manuel
NOMS_NL_1010;le renard;de vos;4.19;Standard;Courant;A2;nt2lex;Animaux;manuel;Animaux;manuel
NOMS_NL_1011;la corde;het touw;3.97;Standard;Courant;A2;nt2lex;Vêtements & objets;manuel;Vêtements & objets;manuel
NOMS_NL_1012;le rire;de lach;4.32;Standard;Courant;A2;nt2lex;Émotions & sentiments;manuel;Émotions & sentiments;manuel
NOMS_NL_1013;l'échelle;de ladder;3.78;Standard;Courant;A2;nt2lex;Vêtements & objets;manuel;Vêtements & objets;manuel
NOMS_NL_1014;l'autre côté;de overkant;3.95;Standard;Courant;A2;nt2lex;Lieux;manuel;Lieux;manuel
NOMS_NL_1015;le ministre;de minister;5.21;Standard;Essentiel;A2;nt2lex;Personnes;manuel;Personnes;manuel
NOMS_NL_1016;la couverture;de deken;4.13;Standard;Courant;A2;nt2lex;Maison;manuel;Maison;manuel
NOMS_NL_1017;la réunion / le rassemblement;de bijeenkomst;4.6;Standard;Courant;A2;nt2lex;Société;manuel;Société;manuel
NOMS_NL_1018;la recette / l'ordonnance;het recept;4.37;Standard;Courant;A2;nt2lex;Alimentation;manuel;Alimentation;manuel
NOMS_NL_1019;la punition;de straf;4.56;Standard;Courant;A2;nt2lex;Société;manuel;Société;manuel
NOMS_NL_1020;l'arrêt de bus;de bushalte;3.59;Standard;Courant;A1;nt2lex;Transport;manuel;Transport;manuel
NOMS_NL_1021;le t-shirt;het T-shirt;4.55;Standard;Courant;A1;nt2lex;Vêtements & objets;manuel;Vêtements & objets;manuel
NOMS_NL_1022;le miel;de honing;4.0;Standard;Courant;A2;nt2lex;Alimentation;manuel;Alimentation;manuel
NOMS_NL_1023;le théâtre;het theater;4.53;Standard;Courant;B1;nt2lex;Lieux;manuel;Lieux;manuel
NOMS_NL_1024;la région;de streek;4.41;Standard;Courant;A2;nt2lex;Lieux;manuel;Lieux;manuel
NOMS_NL_1025;le bourgmestre / le maire;de burgemeester;4.94;Standard;Courant;B1;nt2lex;Personnes;manuel;Personnes;manuel
NOMS_NL_1026;la colère;de woede;4.31;Standard;Courant;A2;nt2lex;Émotions & sentiments;manuel;Émotions & sentiments;manuel
NOMS_NL_1027;le lointain (in de verte);de verte;3.76;Standard;Courant;A2;nt2lex;Lieux;manuel;Lieux;manuel
NOMS_NL_1028;la planche / l'étagère;de plank;4.03;Standard;Courant;A2;nt2lex;Maison;manuel;Maison;manuel
NOMS_NL_1029;l'infirmière;de verpleegster;3.86;Standard;Courant;A2;nt2lex;Personnes;manuel;Personnes;manuel
NOMS_NL_1030;l'aile;de vleugel;3.81;Standard;Courant;A2;nt2lex;Animaux;manuel;Animaux;manuel
NOMS_NL_1031;la préférence;de voorkeur;4.49;Standard;Courant;A2;nt2lex;Abstrait & concepts;manuel;Abstrait & concepts;manuel
NOMS_NL_1032;l'ange;de engel;4.1;Standard;Courant;A2;nt2lex;Personnes;manuel;Personnes;manuel
NOMS_NL_1033;la cigarette;de sigaret;3.93;Standard;Courant;A2;nt2lex;Vêtements & objets;manuel;Vêtements & objets;manuel
NOMS_NL_1034;la salle de classe;het klaslokaal;3.33;Standard;Spécialisé;A1;nt2lex;Lieux;manuel;Lieux;manuel
NOMS_NL_1035;la vue (panorama);het uitzicht;4.37;Standard;Courant;A2;nt2lex;Nature;manuel;Nature;manuel
NOMS_NL_1036;le câlin / la peluche;de knuffel;4.03;Standard;Courant;B2;nt2lex;Émotions & sentiments;manuel;Émotions & sentiments;manuel
NOMS_NL_1037;le plaisir;het genoegen;4.0;Standard;Courant;B1;nt2lex;Émotions & sentiments;manuel;Émotions & sentiments;manuel
NOMS_NL_1038;la salutation;de groet;3.96;Standard;Courant;A1;nt2lex;Société;manuel;Société;manuel
NOMS_NL_1039;le club;de club;5.12;Standard;Essentiel;A2;nt2lex;Société;manuel;Société;manuel
NOMS_NL_1040;l'étranger / l'inconnu;de vreemdeling;3.7;Standard;Courant;A2;nt2lex;Personnes;manuel;Personnes;manuel
NOMS_NL_1041;le diable;de duivel;4.05;Standard;Courant;A2;nt2lex;Personnes;manuel;Personnes;manuel
NOMS_NL_1042;le chauffeur;de chauffeur;4.44;Standard;Courant;A1;nt2lex;Personnes;manuel;Personnes;manuel
NOMS_NL_1043;le rhume;de verkoudheid;3.46;Standard;Spécialisé;B1;nt2lex;Corps & santé;manuel;Corps & santé;manuel
NOMS_NL_1044;la sagesse;de wijsheid;4.16;Standard;Courant;A2;nt2lex;Abstrait & concepts;manuel;Abstrait & concepts;manuel
NOMS_NL_1045;la tentative;de poging;4.6;Standard;Courant;B1;nt2lex;Abstrait & concepts;manuel;Abstrait & concepts;manuel
NOMS_NL_1046;le GSM / le téléphone portable;de gsm;4.17;Standard;Courant;B1;nt2lex;Vêtements & objets;manuel;Vêtements & objets;manuel
NOMS_NL_1047;le virus;het virus;4.52;Standard;Courant;A2;nt2lex;Corps & santé;manuel;Corps & santé;manuel
NOMS_NL_1048;la clôture / la grille;het hek;4.16;Standard;Courant;A2;nt2lex;Maison;manuel;Maison;manuel
NOMS_NL_1049;la trace / la voie (de train);het spoor;4.65;Standard;Courant;A1;nt2lex;Transport;manuel;Transport;manuel
NOMS_NL_1050;l'action;de actie;5.19;Standard;Essentiel;B1;nt2lex;Abstrait & concepts;manuel;Abstrait & concepts;manuel
NOMS_NL_1051;la panique;de paniek;4.46;Standard;Courant;A2;nt2lex;Émotions & sentiments;manuel;Émotions & sentiments;manuel
NOMS_NL_1052;la brosse à dents;de tandenborstel;3.36;Standard;Spécialisé;B1;nt2lex;Vêtements & objets;manuel;Vêtements & objets;manuel
NOMS_NL_1053;l'intention (met opzet = exprès);de opzet;4.33;Standard;Courant;A2;nt2lex;Abstrait & concepts;manuel;Abstrait & concepts;manuel
NOMS_NL_1054;le hamburger;de hamburger;3.83;Standard;Courant;A1;nt2lex;Alimentation;manuel;Alimentation;manuel
NOMS_NL_1055;la barbe;de baard;4.05;Standard;Courant;A2;nt2lex;Corps & santé;manuel;Corps & santé;manuel
NOMS_NL_1056;la blessure;de wond;3.67;Standard;Courant;A2;nt2lex;Corps & santé;manuel;Corps & santé;manuel
NOMS_NL_1057;l'arc-en-ciel;de regenboog;3.81;Standard;Courant;B1;nt2lex;Nature;manuel;Nature;manuel
NOMS_NL_1058;la religion;de religie;4.45;Standard;Courant;B1;nt2lex;Société;manuel;Société;manuel
NOMS_NL_1059;le choix;de keus;4.34;Standard;Courant;A2;nt2lex;Abstrait & concepts;manuel;Abstrait & concepts;manuel
NOMS_NL_1060;la cuillère;de lepel;3.61;Standard;Courant;A2;nt2lex;Maison;manuel;Maison;manuel
NOMS_NL_1061;le volant / le guidon;het stuur;4.93;Standard;Courant;A2;nt2lex;Transport;manuel;Transport;manuel
NOMS_NL_1062;le test;de test;4.69;Standard;Courant;A2;nt2lex;Travail-études;manuel;Travail-études;manuel
NOMS_NL_1063;l'ordre (commandement);het bevel;4.47;Standard;Courant;A2;nt2lex;Abstrait & concepts;manuel;Abstrait & concepts;manuel
NOMS_NL_1064;le CD;de cd;4.58;Standard;Courant;A2;nt2lex;Vêtements & objets;manuel;Vêtements & objets;manuel
NOMS_NL_1065;le miracle;het wonder;4.3;Standard;Courant;A2;nt2lex;Abstrait & concepts;manuel;Abstrait & concepts;manuel
NOMS_NL_1066;le verbe;het werkwoord;3.53;Standard;Courant;B2;nt2lex;Travail-études;manuel;Travail-études;manuel
NOMS_NL_1067;le malentendu;het misverstand;3.6;Standard;Courant;A2;nt2lex;Abstrait & concepts;manuel;Abstrait & concepts;manuel
NOMS_NL_1068;l'intelligence;de intelligentie;4.0;Standard;Courant;B1;nt2lex;Abstrait & concepts;manuel;Abstrait & concepts;manuel
NOMS_NL_1069;l'alphabet;het alfabet;3.89;Standard;Courant;B2;nt2lex;Travail-études;manuel;Travail-études;manuel
NOMS_NL_1070;le passager;de passagier;3.61;Standard;Courant;A2;nt2lex;Personnes;manuel;Personnes;manuel
NOMS_NL_1071;le meuble;het meubel;3.15;Standard;Spécialisé;A2;nt2lex;Maison;manuel;Maison;manuel
NOMS_NL_1072;la circonstance;de omstandigheid;2.93;Standard;Spécialisé;B1;nt2lex;Abstrait & concepts;manuel;Abstrait & concepts;manuel
NOMS_NL_1073;le peintre;de schilder;4.13;Standard;Courant;A2;nt2lex;Personnes;manuel;Personnes;manuel
NOMS_NL_1074;l'entrée;de ingang;4.47;Standard;Courant;A2;nt2lex;Lieux;manuel;Lieux;manuel
NOMS_NL_1075;le meurtrier;de moordenaar;4.2;Standard;Courant;A2;nt2lex;Personnes;manuel;Personnes;manuel
NOMS_NL_1076;l'essence;de benzine;4.11;Standard;Courant;A1;nt2lex;Transport;manuel;Transport;manuel
NOMS_NL_1077;le dîner;het diner;4.34;Standard;Courant;A2;nt2lex;Alimentation;manuel;Alimentation;manuel
NOMS_NL_1078;l'option;de optie;4.53;Standard;Courant;B1;nt2lex;Abstrait & concepts;manuel;Abstrait & concepts;manuel
NOMS_NL_1079;l'os;het bot;4.2;Standard;Courant;A2;nt2lex;Corps & santé;manuel;Corps & santé;manuel
NOMS_NL_1080;le gaz;het gas;4.55;Standard;Courant;A1;nt2lex;Nature;manuel;Nature;manuel
NOMS_NL_1081;le seau;de emmer;3.83;Standard;Courant;A2;nt2lex;Maison;manuel;Maison;manuel
NOMS_NL_1082;l'avertissement;de waarschuwing;4.38;Standard;Courant;A2;nt2lex;Abstrait & concepts;manuel;Abstrait & concepts;manuel
NOMS_NL_1083;la copie;de kopie;4.21;Standard;Courant;B1;nt2lex;Travail-études;manuel;Travail-études;manuel
NOMS_NL_1084;la notion / la compréhension;het begrip;4.6;Standard;Courant;A2;nt2lex;Abstrait & concepts;manuel;Abstrait & concepts;manuel
NOMS_NL_1085;l'âne;de ezel;3.94;Standard;Courant;A2;nt2lex;Animaux;manuel;Animaux;manuel
NOMS_NL_1086;l'argent (métal);het zilver;4.43;Standard;Courant;A2;nt2lex;Nature;manuel;Nature;manuel
NOMS_NL_1087;le symbole;het symbool;4.45;Standard;Courant;A2;nt2lex;Abstrait & concepts;manuel;Abstrait & concepts;manuel
NOMS_NL_1088;le dommage / les dégâts;de schade;4.91;Standard;Courant;B1;nt2lex;Abstrait & concepts;manuel;Abstrait & concepts;manuel
NOMS_NL_1089;le retard;de vertraging;4.09;Standard;Courant;A2;nt2lex;Transport;manuel;Transport;manuel
NOMS_NL_1090;l'objection;het bezwaar;4.31;Standard;Courant;A2;nt2lex;Abstrait & concepts;manuel;Abstrait & concepts;manuel
NOMS_NL_1091;le ventre;de buik;4.45;Standard;Courant;A2;nt2lex;Corps & santé;manuel;Corps & santé;manuel
NOMS_NL_1092;le rapport / le bulletin;het rapport;4.74;Standard;Courant;A2;nt2lex;Travail-études;manuel;Travail-études;manuel
NOMS_NL_1093;le coiffeur;de kapper;3.9;Standard;Courant;B1;nt2lex;Personnes;manuel;Personnes;manuel
NOMS_NL_1094;le combat;het gevecht;4.51;Standard;Courant;A2;nt2lex;Société;manuel;Société;manuel
NOMS_NL_1095;le café (lieu);het café;4.5;Standard;Courant;A1;nt2lex;Lieux;manuel;Lieux;manuel
NOMS_NL_1096;le mammifère;het zoogdier;2.89;Standard;Spécialisé;C1;nt2lex;Animaux;manuel;Animaux;manuel
NOMS_NL_1097;l'ongle / le clou;de nagel;3.71;Standard;Courant;A2;nt2lex;Corps & santé;manuel;Corps & santé;manuel
NOMS_NL_1098;la médaille;de medaille;4.38;Standard;Courant;B2;nt2lex;Vêtements & objets;manuel;Vêtements & objets;manuel
NOMS_NL_1099;le parfum;het parfum;3.91;Standard;Courant;B1;nt2lex;Vêtements & objets;manuel;Vêtements & objets;manuel
NOMS_NL_1100;l'expérience (scientifique);het experiment;4.22;Standard;Courant;B1;nt2lex;Travail-études;manuel;Travail-études;manuel
NOMS_NL_1101;la patrie;het vaderland;4.08;Standard;Courant;B1;nt2lex;Société;manuel;Société;manuel
NOMS_NL_1102;l'ouest;het westen;4.82;Standard;Courant;A2;nt2lex;Lieux;manuel;Lieux;manuel
NOMS_NL_1103;la date;de datum;4.62;Standard;Courant;A1;nt2lex;Temps;manuel;Temps;manuel
NOMS_NL_1104;le jour férié;de feestdag;3.9;Standard;Courant;A2;nt2lex;Temps;manuel;Temps;manuel
NOMS_NL_1105;le fusil;het geweer;3.97;Standard;Courant;A2;nt2lex;Vêtements & objets;manuel;Vêtements & objets;manuel
NOMS_NL_1106;le talent;het talent;4.54;Standard;Courant;A2;nt2lex;Abstrait & concepts;manuel;Abstrait & concepts;manuel
NOMS_NL_1107;la profession;het beroep;4.78;Standard;Courant;A2;nt2lex;Travail-études;manuel;Travail-études;manuel
NOMS_NL_1108;l'essai / l'épreuve;de proef;4.29;Standard;Courant;A2;nt2lex;Travail-études;manuel;Travail-études;manuel
NOMS_NL_1109;l'humeur;het humeur;3.56;Standard;Courant;A2;nt2lex;Émotions & sentiments;manuel;Émotions & sentiments;manuel
NOMS_NL_1110;la capacité / la fortune;het vermogen;4.49;Standard;Courant;B1;nt2lex;Abstrait & concepts;manuel;Abstrait & concepts;manuel
NOMS_NL_1111;la difficulté;de moeilijkheid;3.2;Standard;Spécialisé;A2;nt2lex;Abstrait & concepts;manuel;Abstrait & concepts;manuel
NOMS_NL_1112;l'enterrement;de begrafenis;4.21;Standard;Courant;A2;nt2lex;Société;manuel;Société;manuel
NOMS_NL_1113;le violon;de viool;3.69;Standard;Courant;A2;nt2lex;Vêtements & objets;manuel;Vêtements & objets;manuel
NOMS_NL_1114;le célibataire;de vrijgezel;3.81;Standard;Courant;A2;nt2lex;Personnes;manuel;Personnes;manuel
NOMS_NL_1115;le locuteur natif;de moedertaalspreker;1.65;Standard;Spécialisé;B2;nt2lex;Personnes;manuel;Personnes;manuel
NOMS_NL_1116;les frites;de patat;3.37;Standard;Spécialisé;A1;nt2lex;Alimentation;manuel;Alimentation;manuel
NOMS_NL_1117;la voisine;de buurvrouw;3.94;Standard;Courant;A2;nt2lex;Personnes;manuel;Personnes;manuel
NOMS_NL_1118;l'expression;de uitdrukking;4.06;Standard;Courant;A2;nt2lex;Abstrait & concepts;manuel;Abstrait & concepts;manuel
NOMS_NL_1119;le cri;de schreeuw;3.54;Standard;Courant;A2;nt2lex;Abstrait & concepts;manuel;Abstrait & concepts;manuel
NOMS_NL_1120;l'étang;de vijver;3.87;Standard;Courant;A2;nt2lex;Nature;manuel;Nature;manuel
NOMS_NL_1121;le nom de famille;de achternaam;4.3;Standard;Courant;A1;nt2lex;Abstrait & concepts;manuel;Abstrait & concepts;manuel
NOMS_NL_1122;le soutien;de steun;4.89;Standard;Courant;B1;nt2lex;Abstrait & concepts;manuel;Abstrait & concepts;manuel
NOMS_NL_1123;l'humour;de humor;4.53;Standard;Courant;B1;nt2lex;Abstrait & concepts;manuel;Abstrait & concepts;manuel
NOMS_NL_1124;la peinture (produit);de verf;4.13;Standard;Courant;A2;nt2lex;Vêtements & objets;manuel;Vêtements & objets;manuel
NOMS_NL_1125;le tapis / la robe;het kleed;3.71;Standard;Courant;A1;nt2lex;Maison;manuel;Maison;manuel
NOMS_NL_1126;la boue;de modder;3.84;Standard;Courant;A2;nt2lex;Nature;manuel;Nature;manuel
NOMS_NL_1127;le cadavre;het lijk;4.25;Standard;Courant;A2;nt2lex;Corps & santé;manuel;Corps & santé;manuel
NOMS_NL_1128;la pharmacie;de apotheek;3.84;Standard;Courant;A2;nt2lex;Lieux;manuel;Lieux;manuel
NOMS_NL_1129;l'opération;de operatie;4.66;Standard;Courant;B1;nt2lex;Corps & santé;manuel;Corps & santé;manuel
NOMS_NL_1130;le savon;de zeep;3.96;Standard;Courant;B2;nt2lex;Maison;manuel;Maison;manuel
NOMS_NL_1131;la livre (poids, monnaie);het pond;4.21;Standard;Courant;A2;nt2lex;Abstrait & concepts;manuel;Abstrait & concepts;manuel
NOMS_NL_1132;le directeur;de directeur;4.87;Standard;Courant;A2;nt2lex;Personnes;manuel;Personnes;manuel
NOMS_NL_1133;le diamant;de diamant;3.86;Standard;Courant;B2;nt2lex;Vêtements & objets;manuel;Vêtements & objets;manuel
NOMS_NL_1134;le puits;de put;4.02;Standard;Courant;A2;nt2lex;Lieux;manuel;Lieux;manuel
NOMS_NL_1135;l'objet;het voorwerp;4.13;Standard;Courant;A2;nt2lex;Vêtements & objets;manuel;Vêtements & objets;manuel
NOMS_NL_1136;l'enseignant;de leerkracht;4.14;Standard;Courant;A2;nt2lex;Personnes;manuel;Personnes;manuel
NOMS_NL_1137;le nid;het nest;4.17;Standard;Courant;A2;nt2lex;Animaux;manuel;Animaux;manuel
NOMS_NL_1138;le développement;de ontwikkeling;5.12;Standard;Essentiel;A2;nt2lex;Abstrait & concepts;manuel;Abstrait & concepts;manuel
NOMS_NL_1139;le commentaire;het commentaar;4.52;Standard;Courant;B1;nt2lex;Abstrait & concepts;manuel;Abstrait & concepts;manuel
NOMS_NL_1140;la tension artérielle;de bloeddruk;3.92;Standard;Courant;A2;nt2lex;Corps & santé;manuel;Corps & santé;manuel
NOMS_NL_1141;le grand-parent;de grootouder;2.06;Standard;Spécialisé;A2;nt2lex;Personnes;manuel;Personnes;manuel
NOMS_NL_1142;le jean;de spijkerbroek;3.66;Standard;Courant;B1;nt2lex;Vêtements & objets;manuel;Vêtements & objets;manuel
NOMS_NL_1143;l'électricité;de elektriciteit;4.31;Standard;Courant;A1;nt2lex;Maison;manuel;Maison;manuel
NOMS_NL_1144;le nord;het noorden;4.79;Standard;Courant;A1;nt2lex;Lieux;manuel;Lieux;manuel
NOMS_NL_1145;la page;de bladzijde;3.58;Standard;Courant;A2;nt2lex;Vêtements & objets;manuel;Vêtements & objets;manuel
NOMS_NL_1146;l'image / l'illustration;de afbeelding;4.59;Standard;Courant;B1;nt2lex;Vêtements & objets;manuel;Vêtements & objets;manuel
NOMS_NL_1147;le dragon;de draak;4.2;Standard;Courant;B1;nt2lex;Animaux;manuel;Animaux;manuel
NOMS_NL_1148;le réveil (appareil);de wekker;3.59;Standard;Courant;B1;nt2lex;Vêtements & objets;manuel;Vêtements & objets;manuel
NOMS_NL_1149;le fer;het ijzer;4.02;Standard;Courant;A2;nt2lex;Nature;manuel;Nature;manuel
NOMS_NL_1150;l'écharpe;de sjaal;3.75;Standard;Courant;A2;nt2lex;Vêtements & objets;manuel;Vêtements & objets;manuel
NOMS_NL_1151;la politique (ligne de conduite);het beleid;4.88;Standard;Courant;A2;nt2lex;Société;manuel;Société;manuel
NOMS_NL_1152;le besoin;de behoefte;4.62;Standard;Courant;B1;nt2lex;Abstrait & concepts;manuel;Abstrait & concepts;manuel
NOMS_NL_1153;le pigeon;de duif;3.72;Standard;Courant;A2;nt2lex;Animaux;manuel;Animaux;manuel
NOMS_NL_1154;le péché / le gâchis;de zonde;4.38;Standard;Courant;A2;nt2lex;Abstrait & concepts;manuel;Abstrait & concepts;manuel
NOMS_NL_1155;le mouvement;de beweging;4.88;Standard;Courant;A2;nt2lex;Abstrait & concepts;manuel;Abstrait & concepts;manuel
NOMS_NL_1156;le courant;de stroom;4.63;Standard;Courant;A2;nt2lex;Nature;manuel;Nature;manuel
NOMS_NL_1157;le paysage;het landschap;4.54;Standard;Courant;A2;nt2lex;Nature;manuel;Nature;manuel
NOMS_NL_1158;l'animal de compagnie;het huisdier;3.96;Standard;Courant;A2;nt2lex;Animaux;manuel;Animaux;manuel
NOMS_NL_1159;la tombe;het graf;4.32;Standard;Courant;A2;nt2lex;Lieux;manuel;Lieux;manuel
NOMS_NL_1160;le brouillard;de mist;4.5;Standard;Courant;A2;nt2lex;Nature;manuel;Nature;manuel
NOMS_NL_1161;le job;de job;4.4;Standard;Courant;A2;nt2lex;Travail-études;manuel;Travail-études;manuel
NOMS_NL_1162;la démocratie;de democratie;4.59;Standard;Courant;B1;nt2lex;Société;manuel;Société;manuel
NOMS_NL_1163;le végane;de veganist;2.79;Standard;Spécialisé;B1;nt2lex;Personnes;manuel;Personnes;manuel
NOMS_NL_1164;le temple;de tempel;4.34;Standard;Courant;A2;nt2lex;Lieux;manuel;Lieux;manuel
NOMS_NL_1165;l'actrice;de actrice;4.13;Standard;Courant;B1;nt2lex;Personnes;manuel;Personnes;manuel
NOMS_NL_1166;le conducteur / le dirigeant;de bestuurder;4.46;Standard;Courant;A2;nt2lex;Personnes;manuel;Personnes;manuel
NOMS_NL_1167;le coucher du soleil;de zonsondergang;4.05;Standard;Courant;A2;nt2lex;Nature;manuel;Nature;manuel
NOMS_NL_1168;la gare;het treinstation;3.73;Standard;Courant;B1;nt2lex;Lieux;manuel;Lieux;manuel
NOMS_NL_1169;le métro;de metro;4.42;Standard;Courant;A1;nt2lex;Transport;manuel;Transport;manuel
NOMS_NL_1170;le séjour;het verblijf;4.36;Standard;Courant;A2;nt2lex;Société;manuel;Société;manuel
NOMS_NL_1171;la conscience;het bewustzijn;4.31;Standard;Courant;A2;nt2lex;Corps & santé;manuel;Corps & santé;manuel
NOMS_NL_1172;le centre commercial;het winkelcentrum;4.21;Standard;Courant;A1;nt2lex;Lieux;manuel;Lieux;manuel
NOMS_NL_1173;le bâton;de stok;3.97;Standard;Courant;A1;nt2lex;Vêtements & objets;manuel;Vêtements & objets;manuel
NOMS_NL_1174;la sortie;de uitgang;3.94;Standard;Courant;A2;nt2lex;Lieux;manuel;Lieux;manuel
NOMS_NL_1175;la salade;de salade;3.83;Standard;Courant;A2;nt2lex;Alimentation;manuel;Alimentation;manuel
NOMS_NL_1176;le carburant;de brandstof;4.26;Standard;Courant;A2;nt2lex;Transport;manuel;Transport;manuel
NOMS_NL_1177;le salon;de woonkamer;4.09;Standard;Courant;A1;nt2lex;Maison;manuel;Maison;manuel
NOMS_NL_1178;la décision;het besluit;4.81;Standard;Courant;A2;nt2lex;Abstrait & concepts;manuel;Abstrait & concepts;manuel
NOMS_NL_1179;le plafond;het plafond;3.99;Standard;Courant;A2;nt2lex;Maison;manuel;Maison;manuel
NOMS_NL_1180;le lacet;de veter;3.09;Standard;Spécialisé;B2;nt2lex;Vêtements & objets;manuel;Vêtements & objets;manuel
NOMS_NL_1181;le génie;het genie;3.64;Standard;Courant;B2;nt2lex;Personnes;manuel;Personnes;manuel
NOMS_NL_1182;le fichier;het bestand;4.3;Standard;Courant;A2;nt2lex;Travail-études;manuel;Travail-études;manuel
NOMS_NL_1183;le casque;de helm;4.06;Standard;Courant;A2;nt2lex;Vêtements & objets;manuel;Vêtements & objets;manuel
NOMS_NL_1184;le matou / la gueule de bois;de kater;3.75;Standard;Courant;A2;nt2lex;Animaux;manuel;Animaux;manuel
NOMS_NL_1185;le départ;de start;5.06;Standard;Essentiel;A2;nt2lex;Abstrait & concepts;manuel;Abstrait & concepts;manuel
NOMS_NL_1186;l'ail;de knoflook;3.57;Standard;Courant;A2;nt2lex;Alimentation;manuel;Alimentation;manuel
NOMS_NL_1187;le billet;het ticket;4.12;Standard;Courant;A2;nt2lex;Transport;manuel;Transport;manuel
NOMS_NL_1188;l'argument;het argument;4.13;Standard;Courant;B1;nt2lex;Abstrait & concepts;manuel;Abstrait & concepts;manuel
NOMS_NL_1189;le mile;de mijl;3.96;Standard;Courant;B2;nt2lex;Abstrait & concepts;manuel;Abstrait & concepts;manuel
NOMS_NL_1190;l'imagination;de fantasie;4.12;Standard;Courant;A2;nt2lex;Abstrait & concepts;manuel;Abstrait & concepts;manuel
NOMS_NL_1191;la chasse;de jacht;4.34;Standard;Courant;A2;nt2lex;Société;manuel;Société;manuel
NOMS_NL_1192;l'équilibre;het evenwicht;3.95;Standard;Courant;B1;nt2lex;Abstrait & concepts;manuel;Abstrait & concepts;manuel
NOMS_NL_1193;le christianisme;het christendom;4.03;Standard;Courant;B2;nt2lex;Société;manuel;Société;manuel
NOMS_NL_1194;la branche;de tak;4.1;Standard;Courant;A2;nt2lex;Nature;manuel;Nature;manuel
NOMS_NL_1195;le lever du soleil;de zonsopgang;3.77;Standard;Courant;A2;nt2lex;Nature;manuel;Nature;manuel
NOMS_NL_1196;la salle de sport;de sportschool;3.9;Standard;Courant;A1;nt2lex;Lieux;manuel;Lieux;manuel
NOMS_NL_1197;la représentation / le spectacle;de voorstelling;4.43;Standard;Courant;A2;nt2lex;Société;manuel;Société;manuel
NOMS_NL_1198;le monstre / l'échantillon;het monster;4.23;Standard;Courant;A2;nt2lex;Abstrait & concepts;manuel;Abstrait & concepts;manuel
NOMS_NL_1199;le lait chocolaté;de chocolademelk;3.49;Standard;Spécialisé;A2;nt2lex;Alimentation;manuel;Alimentation;manuel
NOMS_NL_1200;l'énigme;het raadsel;3.87;Standard;Courant;A2;nt2lex;Abstrait & concepts;manuel;Abstrait & concepts;manuel
NOMS_NL_1201;l'arrêt;de halte;3.96;Standard;Courant;A2;nt2lex;Transport;manuel;Transport;manuel
NOMS_NL_1202;la passion;de passie;4.45;Standard;Courant;B1;nt2lex;Émotions & sentiments;manuel;Émotions & sentiments;manuel
NOMS_NL_1203;le rat;de rat;3.9;Standard;Courant;A2;nt2lex;Animaux;manuel;Animaux;manuel
NOMS_NL_1204;l'entreprise / la firme;de firma;4.08;Standard;Courant;A2;nt2lex;Travail-études;manuel;Travail-études;manuel
NOMS_NL_1205;le musicien;de muzikant;3.85;Standard;Courant;A2;nt2lex;Personnes;manuel;Personnes;manuel
NOMS_NL_1206;le tapis;het tapijt;3.8;Standard;Courant;A2;nt2lex;Maison;manuel;Maison;manuel
NOMS_NL_1207;la chaleur;de warmte;4.21;Standard;Courant;A2;nt2lex;Nature;manuel;Nature;manuel
NOMS_NL_1208;la pièce de théâtre;het toneelstuk;3.75;Standard;Courant;A2;nt2lex;Société;manuel;Société;manuel
NOMS_NL_1209;la contribution;de bijdrage;4.73;Standard;Courant;B1;nt2lex;Abstrait & concepts;manuel;Abstrait & concepts;manuel
NOMS_NL_1210;la place assise;de zitplaats;3.06;Standard;Spécialisé;B1;nt2lex;Transport;manuel;Transport;manuel
NOMS_NL_1211;la nationalité;de nationaliteit;4.15;Standard;Courant;A2;nt2lex;Société;manuel;Société;manuel
NOMS_NL_1212;le jardin (derrière la maison);de achtertuin;3.97;Standard;Courant;A2;nt2lex;Maison;manuel;Maison;manuel
NOMS_NL_1213;le traducteur;de vertaler;3.89;Standard;Courant;A2;nt2lex;Personnes;manuel;Personnes;manuel
NOMS_NL_1214;l'adolescent;de tiener;4.1;Standard;Courant;B1;nt2lex;Personnes;manuel;Personnes;manuel
NOMS_NL_1215;la lutte;de strijd;4.98;Standard;Courant;A2;nt2lex;Société;manuel;Société;manuel
NOMS_NL_1216;l'attaque;de aanval;4.83;Standard;Courant;A2;nt2lex;Société;manuel;Société;manuel
NOMS_NL_1217;la société (collectivité);de samenleving;4.77;Standard;Courant;B1;nt2lex;Société;manuel;Société;manuel
NOMS_NL_1218;le pape;de paus;4.63;Standard;Courant;A2;nt2lex;Personnes;manuel;Personnes;manuel
NOMS_NL_1219;le concombre;de komkommer;3.45;Standard;Spécialisé;A1;nt2lex;Alimentation;manuel;Alimentation;manuel
NOMS_NL_1220;la cathédrale;de kathedraal;3.84;Standard;Courant;B1;nt2lex;Lieux;manuel;Lieux;manuel
NOMS_NL_1221;le départ;het vertrek;4.62;Standard;Courant;A2;nt2lex;Transport;manuel;Transport;manuel
NOMS_NL_1222;la carte de crédit;de creditcard;3.74;Standard;Courant;A2;nt2lex;Vêtements & objets;manuel;Vêtements & objets;manuel
NOMS_NL_1223;la bête;het beest;4.02;Standard;Courant;A2;nt2lex;Animaux;manuel;Animaux;manuel
NOMS_NL_1224;le bénévole;de vrijwilliger;4.16;Standard;Courant;A2;nt2lex;Personnes;manuel;Personnes;manuel
NOMS_NL_1225;la toux;de hoest;3.51;Standard;Courant;B1;nt2lex;Corps & santé;manuel;Corps & santé;manuel
NOMS_NL_1226;la chute / le piège;de val;4.99;Standard;Courant;A2;nt2lex;Abstrait & concepts;manuel;Abstrait & concepts;manuel
NOMS_NL_1227;l'écriture (manuscrite);het handschrift;3.83;Standard;Courant;A2;nt2lex;Abstrait & concepts;manuel;Abstrait & concepts;manuel
NOMS_NL_1228;l'élément;het element;4.1;Standard;Courant;A2;nt2lex;Abstrait & concepts;manuel;Abstrait & concepts;manuel
NOMS_NL_1229;le petit-fils;de kleinzoon;3.96;Standard;Courant;A2;nt2lex;Personnes;manuel;Personnes;manuel
NOMS_NL_1230;le câble;de kabel;4.07;Standard;Courant;B1;nt2lex;Vêtements & objets;manuel;Vêtements & objets;manuel
NOMS_NL_1231;le coffre-fort;de kluis;3.76;Standard;Courant;B2;nt2lex;Vêtements & objets;manuel;Vêtements & objets;manuel
NOMS_NL_1232;la prestation / le concert;het optreden;4.89;Standard;Courant;A2;nt2lex;Société;manuel;Société;manuel
NOMS_NL_1233;le cauchemar;de nachtmerrie;4.09;Standard;Courant;A2;nt2lex;Émotions & sentiments;manuel;Émotions & sentiments;manuel
NOMS_NL_1234;la mangue;de mango;3.46;Standard;Spécialisé;B2;nt2lex;Alimentation;manuel;Alimentation;manuel
NOMS_NL_1235;le facteur;de postbode;3.57;Standard;Courant;A2;nt2lex;Personnes;manuel;Personnes;manuel
NOMS_NL_1236;la machine à laver;de wasmachine;3.62;Standard;Courant;B1;nt2lex;Maison;manuel;Maison;manuel
NOMS_NL_1237;le bonhomme de neige;de sneeuwpop;2.95;Standard;Spécialisé;A2;nt2lex;Nature;manuel;Nature;manuel
NOMS_NL_1238;la malchance / la panne;de pech;4.11;Standard;Courant;A2;nt2lex;Abstrait & concepts;manuel;Abstrait & concepts;manuel
NOMS_NL_1239;le terroriste;de terrorist;4.08;Standard;Courant;B1;nt2lex;Personnes;manuel;Personnes;manuel
NOMS_NL_1240;la nourriture (pour animaux);het voer;4.22;Standard;Courant;A2;nt2lex;Animaux;manuel;Animaux;manuel
NOMS_NL_1241;l'ambiance / le vote;de stemming;4.27;Standard;Courant;A2;nt2lex;Émotions & sentiments;manuel;Émotions & sentiments;manuel
NOMS_NL_1242;la présence;de aanwezigheid;4.57;Standard;Courant;B1;nt2lex;Abstrait & concepts;manuel;Abstrait & concepts;manuel
NOMS_NL_1243;la goutte;de druppel;3.9;Standard;Courant;A2;nt2lex;Nature;manuel;Nature;manuel
NOMS_NL_1244;la chauve-souris;de vleermuis;3.42;Standard;Spécialisé;A2;nt2lex;Animaux;manuel;Animaux;manuel
NOMS_NL_1245;le score / la position;de stand;4.95;Standard;Courant;A2;nt2lex;Abstrait & concepts;manuel;Abstrait & concepts;manuel
NOMS_NL_1246;l'orteil;de teen;4.0;Standard;Courant;A2;nt2lex;Corps & santé;manuel;Corps & santé;manuel
NOMS_NL_1247;le jus de pomme;het appelsap;3.02;Standard;Spécialisé;A1;nt2lex;Alimentation;manuel;Alimentation;manuel
NOMS_NL_1248;le policier;de politieman;3.83;Standard;Courant;A2;nt2lex;Personnes;manuel;Personnes;manuel
NOMS_NL_1249;l'appareil;het apparaat;4.3;Standard;Courant;A2;nt2lex;Vêtements & objets;manuel;Vêtements & objets;manuel
NOMS_NL_1250;l'instruction;de instructie;3.65;Standard;Courant;A2;nt2lex;Travail-études;manuel;Travail-études;manuel
NOMS_NL_1251;le paillasson / le tapis;de mat;4.0;Standard;Courant;A2;nt2lex;Maison;manuel;Maison;manuel
NOMS_NL_1252;le menuisier / le charpentier;de timmerman;3.72;Standard;Courant;A2;nt2lex;Personnes;manuel;Personnes;manuel
NOMS_NL_1253;la demande (formelle);de aanvraag;4.35;Standard;Courant;A2;nt2lex;Travail-études;manuel;Travail-études;manuel
NOMS_NL_1254;le mal de ventre;de buikpijn;3.46;Standard;Spécialisé;B2;nt2lex;Corps & santé;manuel;Corps & santé;manuel
NOMS_NL_1255;l'espion;de spion;3.83;Standard;Courant;A2;nt2lex;Personnes;manuel;Personnes;manuel
NOMS_NL_1256;la vitesse;de snelheid;4.6;Standard;Courant;A2;nt2lex;Transport;manuel;Transport;manuel
NOMS_NL_1257;les pompiers;de brandweer;4.15;Standard;Courant;A2;nt2lex;Société;manuel;Société;manuel
NOMS_NL_1258;le désordre / la troupe;de troep;3.96;Standard;Courant;B1;nt2lex;Abstrait & concepts;manuel;Abstrait & concepts;manuel
NOMS_NL_1259;l'ingénieur;de ingenieur;3.88;Standard;Courant;B2;nt2lex;Personnes;manuel;Personnes;manuel
NOMS_NL_1260;le jeune homme;de jongeman;4.09;Standard;Courant;A2;nt2lex;Personnes;manuel;Personnes;manuel
NOMS_NL_1261;le nageur;de zwemmer;3.43;Standard;Spécialisé;A2;nt2lex;Personnes;manuel;Personnes;manuel
NOMS_NL_1262;l'événement;de gebeurtenis;4.25;Standard;Courant;B1;nt2lex;Abstrait & concepts;manuel;Abstrait & concepts;manuel
NOMS_NL_1263;l'entreprise;de onderneming;4.28;Standard;Courant;B1;nt2lex;Travail-études;manuel;Travail-études;manuel
NOMS_NL_1264;l'objet;het object;4.2;Standard;Courant;B2;nt2lex;Abstrait & concepts;manuel;Abstrait & concepts;manuel
NOMS_NL_1265;la cendre / l'axe;de as;4.69;Standard;Courant;A2;nt2lex;Nature;manuel;Nature;manuel
NOMS_NL_1266;le tir / le coup de feu;het schot;4.23;Standard;Courant;B2;nt2lex;Abstrait & concepts;manuel;Abstrait & concepts;manuel
NOMS_NL_1267;l'arbitre;de scheidsrechter;3.98;Standard;Courant;B1;nt2lex;Personnes;manuel;Personnes;manuel
NOMS_NL_1268;le sol / le fond;de bodem;4.44;Standard;Courant;A2;nt2lex;Nature;manuel;Nature;manuel
NOMS_NL_1269;la sueur;het zweet;3.99;Standard;Courant;A2;nt2lex;Corps & santé;manuel;Corps & santé;manuel
NOMS_NL_1270;le lâche;de lafaard;3.44;Standard;Spécialisé;A2;nt2lex;Personnes;manuel;Personnes;manuel
NOMS_NL_1271;l'illusion;de illusie;3.88;Standard;Courant;B1;nt2lex;Abstrait & concepts;manuel;Abstrait & concepts;manuel
NOMS_NL_1272;l'interprète;de tolk;3.62;Standard;Courant;A2;nt2lex;Personnes;manuel;Personnes;manuel
NOMS_NL_1273;le boucher;de slager;3.73;Standard;Courant;A2;nt2lex;Personnes;manuel;Personnes;manuel
NOMS_NL_1274;la lampe de poche;de zaklamp;3.25;Standard;Spécialisé;B1;nt2lex;Vêtements & objets;manuel;Vêtements & objets;manuel
NOMS_NL_1275;le coureur;de loper;3.73;Standard;Courant;B1;nt2lex;Personnes;manuel;Personnes;manuel
NOMS_NL_1276;le collier;de halsketting;2.81;Standard;Spécialisé;A2;nt2lex;Vêtements & objets;manuel;Vêtements & objets;manuel
NOMS_NL_1277;l'origine;de oorsprong;4.36;Standard;Courant;B2;nt2lex;Abstrait & concepts;manuel;Abstrait & concepts;manuel
NOMS_NL_1278;la biologie;de biologie;3.89;Standard;Courant;A2;nt2lex;Travail-études;manuel;Travail-études;manuel
NOMS_NL_1279;le maître / l'instituteur;de meester;4.56;Standard;Courant;A2;nt2lex;Personnes;manuel;Personnes;manuel
NOMS_NL_1280;le haricot;de boon;3.55;Standard;Courant;A2;nt2lex;Alimentation;manuel;Alimentation;manuel
NOMS_NL_1281;le métal;het metaal;4.12;Standard;Courant;A2;nt2lex;Nature;manuel;Nature;manuel
NOMS_NL_1282;la technologie;de technologie;4.61;Standard;Courant;B2;nt2lex;Travail-études;manuel;Travail-études;manuel
NOMS_NL_1283;le visiteur;de bezoeker;4.0;Standard;Courant;A2;nt2lex;Personnes;manuel;Personnes;manuel
NOMS_NL_1284;le patin (à glace);de schaats;3.0;Standard;Spécialisé;B2;nt2lex;Vêtements & objets;manuel;Vêtements & objets;manuel
NOMS_NL_1285;l'enveloppe;de envelop;3.6;Standard;Courant;A2;nt2lex;Vêtements & objets;manuel;Vêtements & objets;manuel
NOMS_NL_1286;la littérature;de literatuur;4.51;Standard;Courant;A2;nt2lex;Société;manuel;Société;manuel
NOMS_NL_1287;le poivre;de peper;3.61;Standard;Courant;A2;nt2lex;Alimentation;manuel;Alimentation;manuel
NOMS_NL_1288;la vengeance;de wraak;4.19;Standard;Courant;A2;nt2lex;Émotions & sentiments;manuel;Émotions & sentiments;manuel
NOMS_NL_1289;la claque / le coup;de klap;4.28;Standard;Courant;A2;nt2lex;Abstrait & concepts;manuel;Abstrait & concepts;manuel
NOMS_NL_1290;l'erreur;de vergissing;3.82;Standard;Courant;A2;nt2lex;Abstrait & concepts;manuel;Abstrait & concepts;manuel
NOMS_NL_1291;l'appartement / l'immeuble;de flat;4.19;Standard;Courant;A1;nt2lex;Maison;manuel;Maison;manuel
NOMS_NL_1292;le vol (délit);de diefstal;4.28;Standard;Courant;A2;nt2lex;Société;manuel;Société;manuel
NOMS_NL_1293;la pilule;de pil;3.78;Standard;Courant;A2;nt2lex;Corps & santé;manuel;Corps & santé;manuel
NOMS_NL_1294;le médicament;het geneesmiddel;3.72;Standard;Courant;A2;nt2lex;Corps & santé;manuel;Corps & santé;manuel
NOMS_NL_1295;l'accord / la ressemblance;de overeenkomst;4.64;Standard;Courant;A2;nt2lex;Travail-études;manuel;Travail-études;manuel
NOMS_NL_1296;le revenu;het inkomen;4.46;Standard;Courant;A2;nt2lex;Travail-études;manuel;Travail-études;manuel
NOMS_NL_1297;l'assistant;de assistent;4.5;Standard;Courant;A2;nt2lex;Personnes;manuel;Personnes;manuel
NOMS_NL_1298;le rocher;de rots;3.88;Standard;Courant;A2;nt2lex;Nature;manuel;Nature;manuel
NOMS_NL_1299;la danse;de dans;4.54;Standard;Courant;A2;nt2lex;Société;manuel;Société;manuel
NOMS_NL_1300;le salaire;het salaris;4.4;Standard;Courant;A2;nt2lex;Travail-études;manuel;Travail-études;manuel
NOMS_NL_1301;la protéine / le blanc d'œuf;het eiwit;3.53;Standard;Courant;B1;nt2lex;Alimentation;manuel;Alimentation;manuel
NOMS_NL_1302;le bifteck;de biefstuk;3.42;Standard;Spécialisé;A2;nt2lex;Alimentation;manuel;Alimentation;manuel
NOMS_NL_1303;la communauté;de gemeenschap;4.67;Standard;Courant;B1;nt2lex;Société;manuel;Société;manuel
NOMS_NL_1304;le champignon;de paddenstoel;2.99;Standard;Spécialisé;A2;nt2lex;Nature;manuel;Nature;manuel
NOMS_NL_1305;la majuscule;de hoofdletter;3.35;Standard;Spécialisé;A2;nt2lex;Travail-études;manuel;Travail-études;manuel
NOMS_NL_1306;le moment (précis);het tijdstip;4.25;Standard;Courant;A2;nt2lex;Temps;manuel;Temps;manuel
NOMS_NL_1307;la salle;de zaal;4.48;Standard;Courant;A2;nt2lex;Lieux;manuel;Lieux;manuel
NOMS_NL_1308;l'émotion;de emotie;4.06;Standard;Courant;A2;nt2lex;Émotions & sentiments;manuel;Émotions & sentiments;manuel
NOMS_NL_1309;le printemps;het voorjaar;4.26;Standard;Courant;A2;nt2lex;Temps;manuel;Temps;manuel
NOMS_NL_1310;le juge;de rechter;4.92;Standard;Courant;A2;nt2lex;Personnes;manuel;Personnes;manuel
NOMS_NL_1311;le fantôme;het spook;3.42;Standard;Spécialisé;A2;nt2lex;Personnes;manuel;Personnes;manuel
NOMS_NL_1312;le chauffeur de bus;de buschauffeur;3.16;Standard;Spécialisé;A1;nt2lex;Personnes;manuel;Personnes;manuel
NOMS_NL_1313;la dinde;de kalkoen;3.22;Standard;Spécialisé;A2;nt2lex;Animaux;manuel;Animaux;manuel
NOMS_NL_1314;la conférence;de conferentie;4.18;Standard;Courant;B2;nt2lex;Travail-études;manuel;Travail-études;manuel
NOMS_NL_1315;l'est;het oosten;4.91;Standard;Courant;A2;nt2lex;Lieux;manuel;Lieux;manuel
NOMS_NL_1316;l'application;de toepassing;4.47;Standard;Courant;B1;nt2lex;Travail-études;manuel;Travail-études;manuel
NOMS_NL_1317;le tonneau / le fût;het vat;4.17;Standard;Courant;A2;nt2lex;Vêtements & objets;manuel;Vêtements & objets;manuel
NOMS_NL_1318;la secrétaire;de secretaresse;3.89;Standard;Courant;A2;nt2lex;Personnes;manuel;Personnes;manuel
NOMS_NL_1319;le travailleur;de werker;3.6;Standard;Courant;A2;nt2lex;Personnes;manuel;Personnes;manuel
NOMS_NL_1320;le pilote;de piloot;4.12;Standard;Courant;B1;nt2lex;Personnes;manuel;Personnes;manuel
NOMS_NL_1321;la lèvre;de lip;3.67;Standard;Courant;A2;nt2lex;Corps & santé;manuel;Corps & santé;manuel
NOMS_NL_1322;la blague;de mop;3.91;Standard;Courant;B1;nt2lex;Abstrait & concepts;manuel;Abstrait & concepts;manuel
NOMS_NL_1323;la mélodie;de melodie;3.55;Standard;Courant;B1;nt2lex;Société;manuel;Société;manuel
NOMS_NL_1324;l'éclair / la foudre;de bliksem;3.66;Standard;Courant;A2;nt2lex;Nature;manuel;Nature;manuel
NOMS_NL_1325;le cahier / l'écriture;het schrift;3.73;Standard;Courant;A2;nt2lex;Vêtements & objets;manuel;Vêtements & objets;manuel
NOMS_NL_1326;le bas / la chaussette;de kous;3.08;Standard;Spécialisé;A2;nt2lex;Vêtements & objets;manuel;Vêtements & objets;manuel
NOMS_NL_1327;le centimètre;de centimeter;4.22;Standard;Courant;A2;nt2lex;Abstrait & concepts;manuel;Abstrait & concepts;manuel
NOMS_NL_1328;le titre;de titel;5.08;Standard;Essentiel;A2;nt2lex;Abstrait & concepts;manuel;Abstrait & concepts;manuel
NOMS_NL_1329;le menu;het menu;4.04;Standard;Courant;A2;nt2lex;Alimentation;manuel;Alimentation;manuel
NOMS_NL_1330;le masque;het masker;4.11;Standard;Courant;A2;nt2lex;Vêtements & objets;manuel;Vêtements & objets;manuel
NOMS_NL_1331;l'expert;de expert;4.3;Standard;Courant;B2;nt2lex;Personnes;manuel;Personnes;manuel
NOMS_NL_1332;l'événement;het evenement;4.68;Standard;Courant;B1;nt2lex;Société;manuel;Société;manuel
NOMS_NL_1333;la sorcière;de heks;3.77;Standard;Courant;A2;nt2lex;Personnes;manuel;Personnes;manuel
NOMS_NL_1334;le traitement;de behandeling;4.75;Standard;Courant;B1;nt2lex;Corps & santé;manuel;Corps & santé;manuel
NOMS_NL_1335;la cellule;de cel;4.55;Standard;Courant;A2;nt2lex;Abstrait & concepts;manuel;Abstrait & concepts;manuel
NOMS_NL_1336;le membre de la famille;het familielid;3.84;Standard;Courant;A2;nt2lex;Personnes;manuel;Personnes;manuel
NOMS_NL_1337;la série;de serie;5.06;Standard;Essentiel;A2;nt2lex;Société;manuel;Société;manuel
NOMS_NL_1338;la magie;de magie;3.96;Standard;Courant;B2;nt2lex;Abstrait & concepts;manuel;Abstrait & concepts;manuel
NOMS_NL_1339;la relation / le poste;de betrekking;4.78;Standard;Courant;A2;nt2lex;Travail-études;manuel;Travail-études;manuel
NOMS_NL_1340;la somme;de som;3.87;Standard;Courant;A2;nt2lex;Abstrait & concepts;manuel;Abstrait & concepts;manuel
NOMS_NL_1341;la chaîne / le collier;de ketting;4.21;Standard;Courant;A2;nt2lex;Vêtements & objets;manuel;Vêtements & objets;manuel
NOMS_NL_1342;le formulaire;het formulier;3.81;Standard;Courant;A1;nt2lex;Travail-études;manuel;Travail-études;manuel
NOMS_NL_1343;la découverte;de ontdekking;4.06;Standard;Courant;B2;nt2lex;Abstrait & concepts;manuel;Abstrait & concepts;manuel
NOMS_NL_1344;le mystère;het mysterie;3.92;Standard;Courant;B1;nt2lex;Abstrait & concepts;manuel;Abstrait & concepts;manuel
NOMS_NL_1345;la feuille (de papier) / la peau;het vel;3.83;Standard;Courant;A2;nt2lex;Vêtements & objets;manuel;Vêtements & objets;manuel
NOMS_NL_1346;la longueur / la taille;de lengte;4.63;Standard;Courant;B1;nt2lex;Abstrait & concepts;manuel;Abstrait & concepts;manuel
NOMS_NL_1347;la réalité;de realiteit;4.38;Standard;Courant;B1;nt2lex;Abstrait & concepts;manuel;Abstrait & concepts;manuel
NOMS_NL_1348;l'agent (de police);de agent;4.56;Standard;Courant;A2;nt2lex;Personnes;manuel;Personnes;manuel
NOMS_NL_1349;le champagne;de champagne;4.07;Standard;Courant;B1;nt2lex;Alimentation;manuel;Alimentation;manuel
NOMS_NL_1350;le jugement;het oordeel;4.38;Standard;Courant;B1;nt2lex;Abstrait & concepts;manuel;Abstrait & concepts;manuel
NOMS_NL_1351;le prêtre;de priester;4.24;Standard;Courant;A2;nt2lex;Personnes;manuel;Personnes;manuel
NOMS_NL_1352;les échecs;het schaak;3.06;Standard;Spécialisé;A2;nt2lex;Société;manuel;Société;manuel
NOMS_NL_1353;le vendeur;de verkoper;4.09;Standard;Courant;A2;nt2lex;Personnes;manuel;Personnes;manuel
NOMS_NL_1354;le manteau;de mantel;3.66;Standard;Courant;A2;nt2lex;Vêtements & objets;manuel;Vêtements & objets;manuel
NOMS_NL_1355;le clavier;het toetsenbord;4.01;Standard;Courant;B1;nt2lex;Vêtements & objets;manuel;Vêtements & objets;manuel
NOMS_NL_1356;le diplôme;het diploma;4.35;Standard;Courant;B1;nt2lex;Travail-études;manuel;Travail-études;manuel
NOMS_NL_1357;le symptôme;het symptoom;3.25;Standard;Spécialisé;A2;nt2lex;Corps & santé;manuel;Corps & santé;manuel
NOMS_NL_1358;la catastrophe;de ramp;4.4;Standard;Courant;A2;nt2lex;Abstrait & concepts;manuel;Abstrait & concepts;manuel
NOMS_NL_1359;la place (publique);het plein;4.5;Standard;Courant;A2;nt2lex;Lieux;manuel;Lieux;manuel
NOMS_NL_1360;la boulangerie;de bakkerij;3.7;Standard;Courant;B1;nt2lex;Lieux;manuel;Lieux;manuel
NOMS_NL_1361;l'aiguille;de naald;3.85;Standard;Courant;A2;nt2lex;Vêtements & objets;manuel;Vêtements & objets;manuel
NOMS_NL_1362;la misère;de ellende;4.42;Standard;Courant;A2;nt2lex;Émotions & sentiments;manuel;Émotions & sentiments;manuel
NOMS_NL_1363;l'encre;de inkt;3.99;Standard;Courant;A2;nt2lex;Vêtements & objets;manuel;Vêtements & objets;manuel
NOMS_NL_1364;l'ancêtre;de voorouder;2.96;Standard;Spécialisé;A2;nt2lex;Personnes;manuel;Personnes;manuel
NOMS_NL_1365;le témoin;de getuige;4.47;Standard;Courant;B1;nt2lex;Personnes;manuel;Personnes;manuel
NOMS_NL_1366;l'autoroute;de snelweg;4.29;Standard;Courant;A1;nt2lex;Transport;manuel;Transport;manuel
NOMS_NL_1367;la place de parking;de parkeerplaats;4.12;Standard;Courant;A2;nt2lex;Transport;manuel;Transport;manuel
NOMS_NL_1368;le balcon;het balkon;3.98;Standard;Courant;A1;nt2lex;Maison;manuel;Maison;manuel
